prolific_pid,trial,balance,chosen_number,winner_number,banner_yn,win_status,hot_set_size,outcome_rel_to_hot,choice_hot,regret_chosen,regret_notchosen_winner,regret_notchosen_hot_loser,comp_tries_to_pass
558955ebfdf99b6bd06016c9,1,0.29,24,16,No Banner,Lost,0,NA,FALSE,10,70,NA,1
558955ebfdf99b6bd06016c9,2,0.27999999999999997,24,18,Banner,Lost,8,hot_win_number,FALSE,11,89,0,1
558955ebfdf99b6bd06016c9,3,0.26999999999999996,24,36,No Banner,Lost,0,NA,FALSE,9,80,NA,1
558955ebfdf99b6bd06016c9,4,0.25999999999999995,24,28,Banner,Lost,8,nonhot_win_number,FALSE,6,88,0,1
558955ebfdf99b6bd06016c9,5,0.6099999999999999,24,24,No Banner,Won,0,NA,FALSE,0,NA,NA,1
558955ebfdf99b6bd06016c9,6,0.5999999999999999,20,21,No Banner,Lost,0,NA,FALSE,16,83,NA,1
558955ebfdf99b6bd06016c9,7,0.5899999999999999,20,29,No Banner,Lost,0,NA,FALSE,10,83,NA,1
558955ebfdf99b6bd06016c9,8,0.5799999999999998,20,30,No Banner,Lost,0,NA,FALSE,13,85,NA,1
558955ebfdf99b6bd06016c9,9,0.9299999999999998,20,20,No Banner,Won,0,NA,FALSE,0,NA,NA,1
558955ebfdf99b6bd06016c9,10,0.9199999999999998,11,30,Banner,Lost,3,nonhot_win_number,FALSE,12,83,0,1
558955ebfdf99b6bd06016c9,11,0.9099999999999998,11,6,Banner,Lost,2,nonhot_win_number,FALSE,13,82,0,1
558955ebfdf99b6bd06016c9,12,0.8999999999999998,11,10,No Banner,Lost,0,NA,FALSE,10,84,NA,1
558955ebfdf99b6bd06016c9,13,0.8899999999999998,11,2,Banner,Lost,3,hot_win_number,FALSE,9,86,0,1
558955ebfdf99b6bd06016c9,14,0.8799999999999998,11,3,Banner,Lost,2,hot_win_number,FALSE,9,83,0,1
558955ebfdf99b6bd06016c9,15,0.8699999999999998,11,35,Banner,Lost,16,hot_win_number,FALSE,12,88,0,1
558955ebfdf99b6bd06016c9,16,0.8599999999999998,11,33,No Banner,Lost,0,NA,FALSE,11,80,NA,1
558955ebfdf99b6bd06016c9,17,0.8499999999999998,11,9,No Banner,Lost,0,NA,FALSE,17,80,NA,1
558955ebfdf99b6bd06016c9,18,1.1999999999999995,11,11,No Banner,Won,0,NA,FALSE,0,NA,NA,1
558955ebfdf99b6bd06016c9,19,1.1899999999999995,1,6,No Banner,Lost,0,NA,FALSE,8,81,NA,1
558955ebfdf99b6bd06016c9,20,1.1799999999999995,1,28,Banner,Lost,16,nonhot_win_number,FALSE,14,80,0,1
558955ebfdf99b6bd06016c9,21,1.1699999999999997,1,34,No Banner,Lost,0,NA,FALSE,13,81,NA,1
558955ebfdf99b6bd06016c9,22,1.1599999999999997,14,32,Banner,Lost,1,nonhot_win_number,TRUE,17,79,NA,1
558955ebfdf99b6bd06016c9,23,1.1499999999999997,1,8,Banner,Lost,1,nonhot_win_number,FALSE,9,84,0,1
558955ebfdf99b6bd06016c9,24,1.4999999999999996,1,1,No Banner,Won,0,NA,FALSE,0,NA,NA,1
558acd52fdf99b65685f03d9,1,0.29,15,13,Banner,Lost,3,nonhot_win_number,TRUE,87,34,81,2
558acd52fdf99b65685f03d9,2,0.27999999999999997,4,11,Banner,Lost,1,nonhot_win_number,TRUE,100,100,NA,2
558acd52fdf99b65685f03d9,3,0.26999999999999996,11,15,No Banner,Lost,0,NA,FALSE,97,100,NA,2
558acd52fdf99b65685f03d9,4,0.6199999999999999,19,19,No Banner,Won,0,NA,FALSE,0,NA,NA,2
558acd52fdf99b65685f03d9,5,0.6099999999999999,29,35,Banner,Lost,2,hot_win_number,FALSE,10,18,22,2
558acd52fdf99b65685f03d9,6,0.5999999999999999,1,18,No Banner,Lost,0,NA,FALSE,19,24,NA,2
558acd52fdf99b65685f03d9,7,0.5899999999999999,32,10,No Banner,Lost,0,NA,FALSE,17,52,NA,2
558acd52fdf99b65685f03d9,8,0.5799999999999998,24,23,Banner,Lost,8,nonhot_win_number,TRUE,14,53,13,2
558acd52fdf99b65685f03d9,9,0.5699999999999998,19,13,No Banner,Lost,0,NA,FALSE,12,30,NA,2
558acd52fdf99b65685f03d9,10,0.9199999999999998,1,1,No Banner,Won,0,NA,FALSE,0,NA,NA,2
558acd52fdf99b65685f03d9,11,0.9099999999999998,1,7,Banner,Lost,2,nonhot_win_number,FALSE,17,32,15,2
558acd52fdf99b65685f03d9,12,0.8999999999999998,14,5,Banner,Lost,3,hot_win_number,TRUE,9,36,12,2
558acd52fdf99b65685f03d9,13,0.8899999999999998,15,17,No Banner,Lost,0,NA,FALSE,7,52,NA,2
558acd52fdf99b65685f03d9,14,0.8799999999999998,9,23,No Banner,Lost,0,NA,FALSE,15,24,NA,2
558acd52fdf99b65685f03d9,15,0.8699999999999998,36,13,Banner,Lost,1,nonhot_win_number,TRUE,16,49,NA,2
558acd52fdf99b65685f03d9,16,0.8599999999999998,14,3,Banner,Lost,8,hot_win_number,FALSE,1,18,0,2
558acd52fdf99b65685f03d9,17,1.2099999999999995,13,13,No Banner,Won,0,NA,FALSE,0,NA,NA,2
558acd52fdf99b65685f03d9,18,1.1999999999999995,29,34,No Banner,Lost,0,NA,FALSE,20,54,NA,2
558acd52fdf99b65685f03d9,19,1.1899999999999995,1,21,Banner,Lost,16,hot_win_number,TRUE,17,61,0,2
558acd52fdf99b65685f03d9,20,1.1799999999999995,31,2,No Banner,Lost,0,NA,FALSE,37,71,NA,2
558acd52fdf99b65685f03d9,21,1.1699999999999997,13,19,No Banner,Lost,0,NA,FALSE,16,60,NA,2
558acd52fdf99b65685f03d9,22,1.1599999999999997,6,12,Banner,Lost,16,nonhot_win_number,TRUE,12,51,0,2
558acd52fdf99b65685f03d9,23,1.1499999999999997,23,21,No Banner,Lost,0,NA,FALSE,17,54,NA,2
558acd52fdf99b65685f03d9,24,1.4999999999999996,1,1,No Banner,Won,0,NA,FALSE,0,NA,NA,2
5acb69b70527ba0001c25872,1,0.29,27,36,Banner,Lost,1,nonhot_win_number,TRUE,6,7,NA,2
5acb69b70527ba0001c25872,2,0.27999999999999997,16,15,Banner,Lost,3,hot_win_number,FALSE,74,74,19,2
5acb69b70527ba0001c25872,3,0.26999999999999996,29,26,No Banner,Lost,0,NA,FALSE,10,11,NA,2
5acb69b70527ba0001c25872,4,0.25999999999999995,29,7,No Banner,Lost,0,NA,FALSE,8,8,NA,2
5acb69b70527ba0001c25872,5,0.6099999999999999,29,29,No Banner,Won,0,NA,FALSE,0,NA,NA,2
5acb69b70527ba0001c25872,6,0.5999999999999999,29,32,Banner,Lost,1,nonhot_win_number,FALSE,8,8,5,2
5acb69b70527ba0001c25872,7,0.5899999999999999,29,4,No Banner,Lost,0,NA,FALSE,9,4,NA,2
5acb69b70527ba0001c25872,8,0.5799999999999998,29,24,Banner,Lost,16,nonhot_win_number,FALSE,8,11,6,2
5acb69b70527ba0001c25872,9,0.5699999999999998,29,24,No Banner,Lost,0,NA,FALSE,8,9,NA,2
5acb69b70527ba0001c25872,10,0.9199999999999998,29,29,No Banner,Won,0,NA,FALSE,0,NA,NA,2
5acb69b70527ba0001c25872,11,0.9099999999999998,29,19,Banner,Lost,2,nonhot_win_number,FALSE,7,7,6,2
5acb69b70527ba0001c25872,12,0.8999999999999998,29,18,No Banner,Lost,0,NA,FALSE,10,10,NA,2
5acb69b70527ba0001c25872,13,0.8899999999999998,29,21,No Banner,Lost,0,NA,FALSE,7,8,NA,2
5acb69b70527ba0001c25872,14,0.8799999999999998,29,2,Banner,Lost,8,hot_win_number,FALSE,5,9,3,2
5acb69b70527ba0001c25872,15,0.8699999999999998,29,32,Banner,Lost,3,nonhot_win_number,FALSE,5,7,4,2
5acb69b70527ba0001c25872,16,1.2199999999999998,29,29,No Banner,Won,0,NA,FALSE,0,NA,NA,2
5acb69b70527ba0001c25872,17,1.2099999999999995,29,16,No Banner,Lost,0,NA,FALSE,7,7,NA,2
5acb69b70527ba0001c25872,18,1.1999999999999995,29,16,Banner,Lost,2,hot_win_number,FALSE,7,10,5,2
5acb69b70527ba0001c25872,19,1.1899999999999995,29,20,Banner,Lost,16,hot_win_number,FALSE,5,8,4,2
5acb69b70527ba0001c25872,20,1.1799999999999995,29,6,Banner,Lost,8,nonhot_win_number,FALSE,6,12,4,2
5acb69b70527ba0001c25872,21,1.1699999999999997,29,26,No Banner,Lost,0,NA,FALSE,7,10,NA,2
5acb69b70527ba0001c25872,22,1.5199999999999996,29,29,No Banner,Won,0,NA,FALSE,0,NA,NA,2
5acb69b70527ba0001c25872,23,1.5099999999999996,29,31,No Banner,Lost,0,NA,FALSE,3,5,NA,2
5acb69b70527ba0001c25872,24,1.4999999999999996,29,6,No Banner,Lost,0,NA,FALSE,6,8,NA,2
5c2cb4149461620001c075c2,1,0.29,2,26,Banner,Lost,16,hot_win_number,FALSE,100,100,7,1
5c2cb4149461620001c075c2,2,0.27999999999999997,31,27,Banner,Lost,1,nonhot_win_number,TRUE,100,100,NA,1
5c2cb4149461620001c075c2,3,0.26999999999999996,2,11,No Banner,Lost,0,NA,FALSE,100,100,NA,1
5c2cb4149461620001c075c2,4,0.6199999999999999,22,22,No Banner,Won,0,NA,FALSE,0,NA,NA,1
5c2cb4149461620001c075c2,5,0.6099999999999999,9,27,Banner,Lost,16,nonhot_win_number,TRUE,100,100,0,1
5c2cb4149461620001c075c2,6,0.5999999999999999,9,2,Banner,Lost,8,nonhot_win_number,TRUE,100,100,0,1
5c2cb4149461620001c075c2,7,0.5899999999999999,4,11,Banner,Lost,2,nonhot_win_number,TRUE,100,100,0,1
5c2cb4149461620001c075c2,8,0.5799999999999998,32,6,Banner,Lost,2,hot_win_number,TRUE,100,100,NA,1
5c2cb4149461620001c075c2,9,0.5699999999999998,3,11,No Banner,Lost,0,NA,FALSE,100,100,NA,1
5c2cb4149461620001c075c2,10,0.9199999999999998,2,2,No Banner,Won,0,NA,FALSE,0,NA,NA,1
5c2cb4149461620001c075c2,11,0.9099999999999998,33,4,No Banner,Lost,0,NA,FALSE,100,100,NA,1
5c2cb4149461620001c075c2,12,0.8999999999999998,33,19,No Banner,Lost,0,NA,FALSE,100,100,NA,1
5c2cb4149461620001c075c2,13,0.8899999999999998,21,35,No Banner,Lost,0,NA,FALSE,100,100,NA,1
5c2cb4149461620001c075c2,14,0.8799999999999998,2,35,No Banner,Lost,0,NA,FALSE,100,100,NA,1
5c2cb4149461620001c075c2,15,1.2299999999999998,22,22,No Banner,Won,0,NA,FALSE,0,NA,NA,1
5c2cb4149461620001c075c2,16,1.2199999999999998,9,8,Banner,Lost,3,hot_win_number,TRUE,100,100,0,1
5c2cb4149461620001c075c2,17,1.2099999999999995,28,3,No Banner,Lost,0,NA,FALSE,100,100,NA,1
5c2cb4149461620001c075c2,18,1.1999999999999995,4,25,Banner,Lost,1,nonhot_win_number,TRUE,100,100,NA,1
5c2cb4149461620001c075c2,19,1.1899999999999995,2,20,Banner,Lost,3,nonhot_win_number,FALSE,100,100,0,1
5c2cb4149461620001c075c2,20,1.1799999999999995,2,36,No Banner,Lost,0,NA,FALSE,100,100,NA,1
5c2cb4149461620001c075c2,21,1.1699999999999997,2,34,Banner,Lost,8,hot_win_number,TRUE,100,100,0,1
5c2cb4149461620001c075c2,22,1.1599999999999997,2,27,No Banner,Lost,0,NA,FALSE,100,100,NA,1
5c2cb4149461620001c075c2,23,1.5099999999999998,2,2,No Banner,Won,0,NA,FALSE,0,NA,NA,1
5c2cb4149461620001c075c2,24,1.4999999999999998,22,19,No Banner,Lost,0,NA,FALSE,100,100,NA,1
5d42486206811e001ada5b4b,1,0.29,34,7,Banner,Lost,3,nonhot_win_number,TRUE,66,94,0,4
5d42486206811e001ada5b4b,2,0.27999999999999997,13,4,No Banner,Lost,0,NA,FALSE,100,100,NA,4
5d42486206811e001ada5b4b,3,0.26999999999999996,21,7,No Banner,Lost,0,NA,FALSE,100,100,NA,4
5d42486206811e001ada5b4b,4,0.6199999999999999,10,10,No Banner,Won,0,NA,FALSE,0,NA,NA,4
5d42486206811e001ada5b4b,5,0.6099999999999999,14,15,No Banner,Lost,0,NA,FALSE,100,100,NA,4
5d42486206811e001ada5b4b,6,0.5999999999999999,19,12,Banner,Lost,8,hot_win_number,FALSE,100,100,0,4
5d42486206811e001ada5b4b,7,0.5899999999999999,10,14,No Banner,Lost,0,NA,FALSE,100,100,NA,4
5d42486206811e001ada5b4b,8,0.5799999999999998,16,21,Banner,Lost,2,hot_win_number,FALSE,100,100,0,4
5d42486206811e001ada5b4b,9,0.5699999999999998,17,13,No Banner,Lost,0,NA,FALSE,100,100,NA,4
5d42486206811e001ada5b4b,10,0.9199999999999998,15,15,No Banner,Won,0,NA,FALSE,0,NA,NA,4
5d42486206811e001ada5b4b,11,0.9099999999999998,19,22,Banner,Lost,16,nonhot_win_number,FALSE,100,100,0,4
5d42486206811e001ada5b4b,12,0.8999999999999998,18,28,Banner,Lost,1,nonhot_win_number,FALSE,100,100,0,4
5d42486206811e001ada5b4b,13,0.8899999999999998,32,4,No Banner,Lost,0,NA,FALSE,100,100,NA,4
5d42486206811e001ada5b4b,14,0.8799999999999998,10,4,No Banner,Lost,0,NA,FALSE,100,100,NA,4
5d42486206811e001ada5b4b,15,0.8699999999999998,10,32,Banner,Lost,2,nonhot_win_number,TRUE,100,100,0,4
5d42486206811e001ada5b4b,16,1.2199999999999998,15,15,No Banner,Won,0,NA,FALSE,0,NA,NA,4
5d42486206811e001ada5b4b,17,1.2099999999999995,4,1,No Banner,Lost,0,NA,FALSE,100,100,NA,4
5d42486206811e001ada5b4b,18,1.1999999999999995,11,33,Banner,Lost,3,hot_win_number,TRUE,100,100,0,4
5d42486206811e001ada5b4b,19,1.1899999999999995,15,16,Banner,Lost,1,nonhot_win_number,FALSE,100,100,0,4
5d42486206811e001ada5b4b,20,1.1799999999999995,28,21,No Banner,Lost,0,NA,FALSE,100,100,NA,4
5d42486206811e001ada5b4b,21,1.1699999999999997,9,3,Banner,Lost,8,nonhot_win_number,FALSE,100,100,0,4
5d42486206811e001ada5b4b,22,1.1599999999999997,8,34,Banner,Lost,16,hot_win_number,FALSE,100,100,0,4
5d42486206811e001ada5b4b,23,1.1499999999999997,16,8,No Banner,Lost,0,NA,FALSE,100,100,NA,4
5d42486206811e001ada5b4b,24,1.4999999999999996,16,16,No Banner,Won,0,NA,FALSE,0,NA,NA,4
5dd61a909ca8a35c14d8d610,1,0.29,3,30,Banner,Lost,1,nonhot_win_number,FALSE,0,0,0,1
5dd61a909ca8a35c14d8d610,2,0.27999999999999997,12,27,Banner,Lost,8,nonhot_win_number,FALSE,0,0,0,1
5dd61a909ca8a35c14d8d610,3,0.26999999999999996,7,9,No Banner,Lost,0,NA,FALSE,0,0,NA,1
5dd61a909ca8a35c14d8d610,4,0.25999999999999995,8,2,No Banner,Lost,0,NA,FALSE,0,0,NA,1
5dd61a909ca8a35c14d8d610,5,0.24999999999999992,23,24,No Banner,Lost,0,NA,FALSE,0,0,NA,1
5dd61a909ca8a35c14d8d610,6,0.5999999999999999,7,7,No Banner,Won,0,NA,FALSE,0,NA,NA,1
5dd61a909ca8a35c14d8d610,7,0.5899999999999999,7,17,Banner,Lost,8,hot_win_number,FALSE,0,0,0,1
5dd61a909ca8a35c14d8d610,8,0.5799999999999998,10,1,Banner,Lost,3,hot_win_number,TRUE,0,0,0,1
5dd61a909ca8a35c14d8d610,9,0.9299999999999998,7,7,No Banner,Won,0,NA,FALSE,0,NA,NA,1
5dd61a909ca8a35c14d8d610,10,0.9199999999999998,7,4,Banner,Lost,16,hot_win_number,TRUE,0,0,0,1
5dd61a909ca8a35c14d8d610,11,0.9099999999999998,7,11,Banner,Lost,3,nonhot_win_number,FALSE,0,0,0,1
5dd61a909ca8a35c14d8d610,12,0.8999999999999998,22,32,No Banner,Lost,0,NA,FALSE,0,0,NA,1
5dd61a909ca8a35c14d8d610,13,0.8899999999999998,1,18,No Banner,Lost,0,NA,FALSE,0,0,NA,1
5dd61a909ca8a35c14d8d610,14,0.8799999999999998,2,23,Banner,Lost,16,nonhot_win_number,FALSE,0,0,0,1
5dd61a909ca8a35c14d8d610,15,1.2299999999999998,36,36,No Banner,Won,0,NA,FALSE,0,NA,NA,1
5dd61a909ca8a35c14d8d610,16,1.2199999999999998,31,7,Banner,Lost,2,nonhot_win_number,FALSE,0,0,0,1
5dd61a909ca8a35c14d8d610,17,1.2099999999999995,6,9,No Banner,Lost,0,NA,FALSE,0,0,NA,1
5dd61a909ca8a35c14d8d610,18,1.1999999999999995,8,10,Banner,Lost,1,nonhot_win_number,FALSE,0,0,0,1
5dd61a909ca8a35c14d8d610,19,1.1899999999999995,7,25,No Banner,Lost,0,NA,FALSE,0,0,NA,1
5dd61a909ca8a35c14d8d610,20,1.1799999999999995,15,22,No Banner,Lost,0,NA,FALSE,0,0,NA,1
5dd61a909ca8a35c14d8d610,21,1.5299999999999998,33,33,No Banner,Won,0,NA,FALSE,0,NA,NA,1
5dd61a909ca8a35c14d8d610,22,1.5199999999999998,17,29,No Banner,Lost,0,NA,FALSE,0,0,NA,1
5dd61a909ca8a35c14d8d610,23,1.5099999999999998,7,11,Banner,Lost,2,hot_win_number,TRUE,0,0,NA,1
5dd61a909ca8a35c14d8d610,24,1.4999999999999998,29,25,No Banner,Lost,0,NA,FALSE,0,0,NA,1
5e59ee3a2bff541fcf05d86e,1,0.29,36,12,Banner,Lost,2,hot_win_number,TRUE,72,76,NA,1
5e59ee3a2bff541fcf05d86e,2,0.27999999999999997,22,20,Banner,Lost,1,nonhot_win_number,TRUE,44,29,NA,1
5e59ee3a2bff541fcf05d86e,3,0.26999999999999996,16,34,No Banner,Lost,0,NA,FALSE,25,29,NA,1
5e59ee3a2bff541fcf05d86e,4,0.25999999999999995,4,2,Banner,Lost,3,hot_win_number,TRUE,65,64,0,1
5e59ee3a2bff541fcf05d86e,5,0.6099999999999999,26,26,No Banner,Won,0,NA,FALSE,0,NA,NA,1
5e59ee3a2bff541fcf05d86e,6,0.5999999999999999,17,20,No Banner,Lost,0,NA,FALSE,25,25,NA,1
5e59ee3a2bff541fcf05d86e,7,0.5899999999999999,8,19,No Banner,Lost,0,NA,FALSE,30,20,NA,1
5e59ee3a2bff541fcf05d86e,8,0.5799999999999998,17,15,No Banner,Lost,0,NA,FALSE,21,22,NA,1
5e59ee3a2bff541fcf05d86e,9,0.5699999999999998,26,27,Banner,Lost,16,hot_win_number,TRUE,58,29,0,1
5e59ee3a2bff541fcf05d86e,10,0.9199999999999998,5,5,No Banner,Won,0,NA,FALSE,0,NA,NA,1
5e59ee3a2bff541fcf05d86e,11,0.9099999999999998,19,10,No Banner,Lost,0,NA,FALSE,17,23,NA,1
5e59ee3a2bff541fcf05d86e,12,0.8999999999999998,34,6,Banner,Lost,3,nonhot_win_number,TRUE,38,21,0,1
5e59ee3a2bff541fcf05d86e,13,0.8899999999999998,4,16,Banner,Lost,8,hot_win_number,TRUE,21,20,0,1
5e59ee3a2bff541fcf05d86e,14,0.8799999999999998,21,16,No Banner,Lost,0,NA,FALSE,34,36,NA,1
5e59ee3a2bff541fcf05d86e,15,1.2299999999999998,9,9,No Banner,Won,0,NA,FALSE,0,NA,NA,1
5e59ee3a2bff541fcf05d86e,16,1.2199999999999998,23,14,Banner,Lost,16,nonhot_win_number,TRUE,40,29,0,1
5e59ee3a2bff541fcf05d86e,17,1.2099999999999995,10,19,No Banner,Lost,0,NA,FALSE,31,30,NA,1
5e59ee3a2bff541fcf05d86e,18,1.1999999999999995,18,15,Banner,Lost,8,nonhot_win_number,TRUE,23,21,0,1
5e59ee3a2bff541fcf05d86e,19,1.1899999999999995,14,35,Banner,Lost,1,nonhot_win_number,TRUE,75,38,NA,1
5e59ee3a2bff541fcf05d86e,20,1.1799999999999995,27,29,No Banner,Lost,0,NA,FALSE,38,39,NA,1
5e59ee3a2bff541fcf05d86e,21,1.5299999999999998,8,8,No Banner,Won,0,NA,FALSE,0,NA,NA,1
5e59ee3a2bff541fcf05d86e,22,1.5199999999999998,17,10,Banner,Lost,2,nonhot_win_number,FALSE,15,17,0,1
5e59ee3a2bff541fcf05d86e,23,1.5099999999999998,6,15,No Banner,Lost,0,NA,FALSE,22,27,NA,1
5e59ee3a2bff541fcf05d86e,24,1.4999999999999998,19,15,No Banner,Lost,0,NA,FALSE,23,26,NA,1
5eb02a40b17a8c0868685d32,1,0.29,13,36,No Banner,Lost,0,NA,FALSE,77,84,NA,1
5eb02a40b17a8c0868685d32,2,0.27999999999999997,4,5,No Banner,Lost,0,NA,FALSE,96,100,NA,1
5eb02a40b17a8c0868685d32,3,0.26999999999999996,17,2,Banner,Lost,16,nonhot_win_number,TRUE,62,90,0,1
5eb02a40b17a8c0868685d32,4,0.6199999999999999,30,30,No Banner,Won,0,NA,FALSE,0,NA,NA,1
5eb02a40b17a8c0868685d32,5,0.6099999999999999,3,15,Banner,Lost,2,hot_win_number,TRUE,100,79,NA,1
5eb02a40b17a8c0868685d32,6,0.5999999999999999,23,12,No Banner,Lost,0,NA,FALSE,100,100,NA,1
5eb02a40b17a8c0868685d32,7,0.5899999999999999,6,17,No Banner,Lost,0,NA,FALSE,100,100,NA,1
5eb02a40b17a8c0868685d32,8,0.5799999999999998,25,9,No Banner,Lost,0,NA,FALSE,100,100,NA,1
5eb02a40b17a8c0868685d32,9,0.5699999999999998,21,36,No Banner,Lost,0,NA,FALSE,100,100,NA,1
5eb02a40b17a8c0868685d32,10,0.5599999999999998,2,6,No Banner,Lost,0,NA,FALSE,100,100,NA,1
5eb02a40b17a8c0868685d32,11,0.9099999999999998,29,29,No Banner,Won,0,NA,FALSE,0,NA,NA,1
5eb02a40b17a8c0868685d32,12,0.8999999999999998,24,34,No Banner,Lost,0,NA,FALSE,100,100,NA,1
5eb02a40b17a8c0868685d32,13,0.8899999999999998,1,21,Banner,Lost,8,nonhot_win_number,FALSE,100,100,100,1
5eb02a40b17a8c0868685d32,14,0.8799999999999998,3,26,No Banner,Lost,0,NA,FALSE,100,100,NA,1
5eb02a40b17a8c0868685d32,15,0.8699999999999998,33,21,Banner,Lost,3,hot_win_number,FALSE,100,100,0,1
5eb02a40b17a8c0868685d32,16,0.8599999999999998,4,33,Banner,Lost,2,nonhot_win_number,TRUE,100,100,0,1
5eb02a40b17a8c0868685d32,17,0.8499999999999998,36,18,Banner,Lost,8,hot_win_number,TRUE,100,100,0,1
5eb02a40b17a8c0868685d32,18,1.1999999999999995,35,35,No Banner,Won,0,NA,FALSE,0,NA,NA,1
5eb02a40b17a8c0868685d32,19,1.1899999999999995,34,30,Banner,Lost,3,nonhot_win_number,TRUE,100,100,0,1
5eb02a40b17a8c0868685d32,20,1.1799999999999995,12,1,Banner,Lost,1,nonhot_win_number,TRUE,100,100,NA,1
5eb02a40b17a8c0868685d32,21,1.1699999999999997,5,10,Banner,Lost,16,hot_win_number,TRUE,100,100,0,1
5eb02a40b17a8c0868685d32,22,1.1599999999999997,31,4,Banner,Lost,1,nonhot_win_number,TRUE,100,100,NA,1
5eb02a40b17a8c0868685d32,23,1.1499999999999997,11,14,No Banner,Lost,0,NA,FALSE,100,100,NA,1
5eb02a40b17a8c0868685d32,24,1.4999999999999996,17,17,No Banner,Won,0,NA,FALSE,0,NA,NA,1
5ed559e5afbd830e2117ed55,1,0.29,16,11,Banner,Lost,16,nonhot_win_number,TRUE,37,75,0,1
5ed559e5afbd830e2117ed55,2,0.27999999999999997,5,19,Banner,Lost,8,nonhot_win_number,FALSE,66,93,0,1
5ed559e5afbd830e2117ed55,3,0.6299999999999999,21,21,No Banner,Won,0,NA,FALSE,0,NA,NA,1
5ed559e5afbd830e2117ed55,4,0.6199999999999999,30,31,No Banner,Lost,0,NA,FALSE,56,72,NA,1
5ed559e5afbd830e2117ed55,5,0.6099999999999999,9,8,No Banner,Lost,0,NA,FALSE,44,83,NA,1
5ed559e5afbd830e2117ed55,6,0.5999999999999999,23,7,No Banner,Lost,0,NA,FALSE,64,82,NA,1
5ed559e5afbd830e2117ed55,7,0.5899999999999999,20,32,Banner,Lost,3,hot_win_number,TRUE,51,80,0,1
5ed559e5afbd830e2117ed55,8,0.5799999999999998,25,13,No Banner,Lost,0,NA,FALSE,56,91,NA,1
5ed559e5afbd830e2117ed55,9,0.9299999999999998,36,36,No Banner,Won,0,NA,FALSE,0,NA,NA,1
5ed559e5afbd830e2117ed55,10,0.9199999999999998,15,12,Banner,Lost,1,nonhot_win_number,TRUE,72,68,NA,1
5ed559e5afbd830e2117ed55,11,0.9099999999999998,15,24,Banner,Lost,1,nonhot_win_number,TRUE,88,53,NA,1
5ed559e5afbd830e2117ed55,12,0.8999999999999998,19,7,Banner,Lost,2,nonhot_win_number,FALSE,62,75,0,1
5ed559e5afbd830e2117ed55,13,0.8899999999999998,27,22,No Banner,Lost,0,NA,FALSE,45,78,NA,1
5ed559e5afbd830e2117ed55,14,0.8799999999999998,5,14,No Banner,Lost,0,NA,FALSE,43,77,NA,1
5ed559e5afbd830e2117ed55,15,0.8699999999999998,7,35,No Banner,Lost,0,NA,FALSE,41,83,NA,1
5ed559e5afbd830e2117ed55,16,0.8599999999999998,18,8,Banner,Lost,3,nonhot_win_number,TRUE,57,70,0,1
5ed559e5afbd830e2117ed55,17,1.2099999999999995,21,21,No Banner,Won,0,NA,FALSE,0,NA,NA,1
5ed559e5afbd830e2117ed55,18,1.1999999999999995,7,31,Banner,Lost,2,hot_win_number,TRUE,65,84,NA,1
5ed559e5afbd830e2117ed55,19,1.1899999999999995,3,2,No Banner,Lost,0,NA,FALSE,35,71,NA,1
5ed559e5afbd830e2117ed55,20,1.1799999999999995,14,7,No Banner,Lost,0,NA,FALSE,55,79,NA,1
5ed559e5afbd830e2117ed55,21,1.1699999999999997,12,1,Banner,Lost,8,hot_win_number,TRUE,63,89,0,1
5ed559e5afbd830e2117ed55,22,1.1599999999999997,34,10,No Banner,Lost,0,NA,FALSE,57,74,NA,1
5ed559e5afbd830e2117ed55,23,1.1499999999999997,10,3,Banner,Lost,16,hot_win_number,TRUE,58,79,0,1
5ed559e5afbd830e2117ed55,24,1.4999999999999996,25,25,No Banner,Won,0,NA,FALSE,0,NA,NA,1
606cf604adbb6982bb382881,1,0.29,6,24,Banner,Lost,16,nonhot_win_number,TRUE,76,90,0,2
606cf604adbb6982bb382881,2,0.27999999999999997,21,30,No Banner,Lost,0,NA,FALSE,71,100,NA,2
606cf604adbb6982bb382881,3,0.26999999999999996,22,24,Banner,Lost,2,nonhot_win_number,TRUE,79,97,0,2
606cf604adbb6982bb382881,4,0.6199999999999999,3,3,No Banner,Won,0,NA,FALSE,0,NA,NA,2
606cf604adbb6982bb382881,5,0.6099999999999999,9,29,Banner,Lost,3,hot_win_number,FALSE,79,100,0,2
606cf604adbb6982bb382881,6,0.5999999999999999,32,30,No Banner,Lost,0,NA,FALSE,73,100,NA,2
606cf604adbb6982bb382881,7,0.5899999999999999,16,4,Banner,Lost,8,nonhot_win_number,FALSE,78,100,0,2
606cf604adbb6982bb382881,8,0.5799999999999998,1,5,Banner,Lost,8,hot_win_number,TRUE,82,100,0,2
606cf604adbb6982bb382881,9,0.5699999999999998,5,2,Banner,Lost,16,hot_win_number,FALSE,71,100,0,2
606cf604adbb6982bb382881,10,0.5599999999999998,18,32,Banner,Lost,1,nonhot_win_number,FALSE,76,96,0,2
606cf604adbb6982bb382881,11,0.5499999999999998,21,7,No Banner,Lost,0,NA,FALSE,75,100,NA,2
606cf604adbb6982bb382881,12,0.8999999999999998,14,14,No Banner,Won,0,NA,FALSE,0,NA,NA,2
606cf604adbb6982bb382881,13,0.8899999999999998,36,31,No Banner,Lost,0,NA,FALSE,74,100,NA,2
606cf604adbb6982bb382881,14,0.8799999999999998,7,26,Banner,Lost,3,nonhot_win_number,TRUE,79,100,0,2
606cf604adbb6982bb382881,15,0.8699999999999998,25,14,Banner,Lost,1,nonhot_win_number,FALSE,69,100,0,2
606cf604adbb6982bb382881,16,1.2199999999999998,23,23,No Banner,Won,0,NA,FALSE,0,NA,NA,2
606cf604adbb6982bb382881,17,1.2099999999999995,18,12,No Banner,Lost,0,NA,FALSE,78,100,NA,2
606cf604adbb6982bb382881,18,1.1999999999999995,3,22,No Banner,Lost,0,NA,FALSE,78,100,NA,2
606cf604adbb6982bb382881,19,1.1899999999999995,2,24,Banner,Lost,2,hot_win_number,TRUE,80,100,NA,2
606cf604adbb6982bb382881,20,1.1799999999999995,34,17,No Banner,Lost,0,NA,FALSE,77,100,NA,2
606cf604adbb6982bb382881,21,1.1699999999999997,19,18,No Banner,Lost,0,NA,FALSE,74,100,NA,2
606cf604adbb6982bb382881,22,1.1599999999999997,8,5,No Banner,Lost,0,NA,FALSE,72,100,NA,2
606cf604adbb6982bb382881,23,1.5099999999999998,6,6,No Banner,Won,0,NA,FALSE,0,NA,NA,2
606cf604adbb6982bb382881,24,1.4999999999999998,17,13,No Banner,Lost,0,NA,FALSE,68,100,NA,2
608aede3203836ab453453a0,1,0.29,30,5,Banner,Lost,2,nonhot_win_number,TRUE,1,25,2,2
608aede3203836ab453453a0,2,0.27999999999999997,16,27,Banner,Lost,2,hot_win_number,FALSE,1,1,1,2
608aede3203836ab453453a0,3,0.26999999999999996,16,19,Banner,Lost,1,nonhot_win_number,FALSE,1,1,1,2
608aede3203836ab453453a0,4,0.25999999999999995,36,31,No Banner,Lost,0,NA,FALSE,1,1,NA,2
608aede3203836ab453453a0,5,0.24999999999999992,16,30,No Banner,Lost,0,NA,FALSE,1,1,NA,2
608aede3203836ab453453a0,6,0.5999999999999999,16,16,No Banner,Won,0,NA,FALSE,1,NA,NA,2
608aede3203836ab453453a0,7,0.5899999999999999,22,24,No Banner,Lost,0,NA,FALSE,1,1,NA,2
608aede3203836ab453453a0,8,0.5799999999999998,25,26,No Banner,Lost,0,NA,FALSE,1,1,NA,2
608aede3203836ab453453a0,9,0.5699999999999998,22,13,Banner,Lost,8,nonhot_win_number,FALSE,1,1,1,2
608aede3203836ab453453a0,10,0.9199999999999998,6,6,No Banner,Won,0,NA,FALSE,1,NA,NA,2
608aede3203836ab453453a0,11,0.9099999999999998,3,14,No Banner,Lost,0,NA,FALSE,1,1,NA,2
608aede3203836ab453453a0,12,0.8999999999999998,23,10,Banner,Lost,16,nonhot_win_number,FALSE,1,1,1,2
608aede3203836ab453453a0,13,0.8899999999999998,4,1,Banner,Lost,1,nonhot_win_number,FALSE,1,1,1,2
608aede3203836ab453453a0,14,0.8799999999999998,21,19,Banner,Lost,16,hot_win_number,TRUE,1,1,1,2
608aede3203836ab453453a0,15,0.8699999999999998,1,24,No Banner,Lost,0,NA,FALSE,1,1,NA,2
608aede3203836ab453453a0,16,0.8599999999999998,29,11,Banner,Lost,3,nonhot_win_number,FALSE,1,1,1,2
608aede3203836ab453453a0,17,1.2099999999999995,28,28,No Banner,Won,0,NA,FALSE,1,NA,NA,2
608aede3203836ab453453a0,18,1.1999999999999995,6,11,No Banner,Lost,0,NA,FALSE,1,1,NA,2
608aede3203836ab453453a0,19,1.1899999999999995,27,33,No Banner,Lost,0,NA,FALSE,1,1,NA,2
608aede3203836ab453453a0,20,1.1799999999999995,20,8,Banner,Lost,3,hot_win_number,FALSE,1,1,1,2
608aede3203836ab453453a0,21,1.1699999999999997,32,36,No Banner,Lost,0,NA,FALSE,1,1,NA,2
608aede3203836ab453453a0,22,1.1599999999999997,29,11,Banner,Lost,8,hot_win_number,FALSE,1,1,1,2
608aede3203836ab453453a0,23,1.5099999999999998,11,11,No Banner,Won,0,NA,FALSE,1,NA,NA,2
608aede3203836ab453453a0,24,1.4999999999999998,11,14,No Banner,Lost,0,NA,FALSE,1,1,NA,2
60b96835d5cbb2261c7fd22c,1,0.29,21,5,No Banner,Lost,0,NA,FALSE,10,52,NA,2
60b96835d5cbb2261c7fd22c,2,0.27999999999999997,27,28,Banner,Lost,16,hot_win_number,TRUE,5,37,21,2
60b96835d5cbb2261c7fd22c,3,0.26999999999999996,21,26,No Banner,Lost,0,NA,FALSE,10,25,NA,2
60b96835d5cbb2261c7fd22c,4,0.25999999999999995,8,25,Banner,Lost,2,nonhot_win_number,TRUE,15,25,10,2
60b96835d5cbb2261c7fd22c,5,0.24999999999999992,27,20,No Banner,Lost,0,NA,FALSE,11,39,NA,2
60b96835d5cbb2261c7fd22c,6,0.5999999999999999,21,21,No Banner,Won,0,NA,FALSE,0,NA,NA,2
60b96835d5cbb2261c7fd22c,7,0.5899999999999999,21,13,Banner,Lost,1,nonhot_win_number,FALSE,0,27,1,2
60b96835d5cbb2261c7fd22c,8,0.5799999999999998,21,11,No Banner,Lost,0,NA,FALSE,0,13,NA,2
60b96835d5cbb2261c7fd22c,9,0.5699999999999998,27,10,No Banner,Lost,0,NA,FALSE,3,22,NA,2
60b96835d5cbb2261c7fd22c,10,0.5599999999999998,27,20,No Banner,Lost,0,NA,FALSE,7,19,NA,2
60b96835d5cbb2261c7fd22c,11,0.5499999999999998,36,21,Banner,Lost,3,nonhot_win_number,FALSE,7,47,0,2
60b96835d5cbb2261c7fd22c,12,0.8999999999999998,21,21,No Banner,Won,0,NA,FALSE,0,NA,NA,2
60b96835d5cbb2261c7fd22c,13,0.8899999999999998,21,36,No Banner,Lost,0,NA,FALSE,0,14,NA,2
60b96835d5cbb2261c7fd22c,14,0.8799999999999998,21,11,Banner,Lost,1,nonhot_win_number,FALSE,0,11,0,2
60b96835d5cbb2261c7fd22c,15,0.8699999999999998,21,11,Banner,Lost,8,nonhot_win_number,FALSE,0,28,0,2
60b96835d5cbb2261c7fd22c,16,1.2199999999999998,21,21,No Banner,Won,0,NA,FALSE,0,NA,NA,2
60b96835d5cbb2261c7fd22c,17,1.2099999999999995,21,26,No Banner,Lost,0,NA,FALSE,0,8,NA,2
60b96835d5cbb2261c7fd22c,18,1.1999999999999995,21,6,Banner,Lost,2,hot_win_number,FALSE,0,10,0,2
60b96835d5cbb2261c7fd22c,19,1.1899999999999995,21,27,Banner,Lost,8,hot_win_number,TRUE,2,46,0,2
60b96835d5cbb2261c7fd22c,20,1.1799999999999995,21,8,Banner,Lost,3,hot_win_number,FALSE,0,19,0,2
60b96835d5cbb2261c7fd22c,21,1.1699999999999997,27,29,No Banner,Lost,0,NA,FALSE,0,22,NA,2
60b96835d5cbb2261c7fd22c,22,1.1599999999999997,27,22,No Banner,Lost,0,NA,FALSE,0,17,NA,2
60b96835d5cbb2261c7fd22c,23,1.1499999999999997,21,4,Banner,Lost,16,nonhot_win_number,TRUE,0,22,0,2
60b96835d5cbb2261c7fd22c,24,1.4999999999999996,21,21,No Banner,Won,0,NA,FALSE,0,NA,NA,2
6100ac178a474bfcc555379b,1,0.29,27,24,Banner,Lost,16,hot_win_number,TRUE,0,5,0,1
6100ac178a474bfcc555379b,2,0.27999999999999997,27,21,Banner,Lost,8,nonhot_win_number,FALSE,5,14,0,1
6100ac178a474bfcc555379b,3,0.26999999999999996,3,22,Banner,Lost,1,nonhot_win_number,TRUE,87,10,NA,1
6100ac178a474bfcc555379b,4,0.25999999999999995,28,32,Banner,Lost,2,hot_win_number,TRUE,81,99,NA,1
6100ac178a474bfcc555379b,5,0.6099999999999999,20,20,No Banner,Won,0,NA,FALSE,0,NA,NA,1
6100ac178a474bfcc555379b,6,0.5999999999999999,28,14,No Banner,Lost,0,NA,FALSE,6,15,NA,1
6100ac178a474bfcc555379b,7,0.5899999999999999,17,28,No Banner,Lost,0,NA,FALSE,21,51,NA,1
6100ac178a474bfcc555379b,8,0.5799999999999998,11,10,Banner,Lost,3,hot_win_number,TRUE,14,98,0,1
6100ac178a474bfcc555379b,9,0.5699999999999998,36,24,Banner,Lost,1,nonhot_win_number,TRUE,98,51,NA,1
6100ac178a474bfcc555379b,10,0.5599999999999998,27,25,No Banner,Lost,0,NA,FALSE,0,22,NA,1
6100ac178a474bfcc555379b,11,0.5499999999999998,8,1,No Banner,Lost,0,NA,FALSE,1,8,NA,1
6100ac178a474bfcc555379b,12,0.8999999999999998,13,13,No Banner,Won,0,NA,FALSE,0,NA,NA,1
6100ac178a474bfcc555379b,13,0.8899999999999998,23,32,No Banner,Lost,0,NA,FALSE,5,33,NA,1
6100ac178a474bfcc555379b,14,0.8799999999999998,26,35,Banner,Lost,8,hot_win_number,FALSE,89,50,0,1
6100ac178a474bfcc555379b,15,0.8699999999999998,33,3,No Banner,Lost,0,NA,FALSE,42,18,NA,1
6100ac178a474bfcc555379b,16,1.2199999999999998,22,22,No Banner,Won,0,NA,FALSE,0,NA,NA,1
6100ac178a474bfcc555379b,17,1.2099999999999995,6,7,Banner,Lost,2,nonhot_win_number,FALSE,0,11,0,1
6100ac178a474bfcc555379b,18,1.1999999999999995,26,21,No Banner,Lost,0,NA,FALSE,25,51,NA,1
6100ac178a474bfcc555379b,19,1.1899999999999995,27,35,No Banner,Lost,0,NA,FALSE,6,43,NA,1
6100ac178a474bfcc555379b,20,1.1799999999999995,30,6,Banner,Lost,16,nonhot_win_number,TRUE,7,41,0,1
6100ac178a474bfcc555379b,21,1.1699999999999997,32,34,No Banner,Lost,0,NA,FALSE,8,28,NA,1
6100ac178a474bfcc555379b,22,1.1599999999999997,3,10,Banner,Lost,3,nonhot_win_number,TRUE,4,1,0,1
6100ac178a474bfcc555379b,23,1.1499999999999997,27,3,No Banner,Lost,0,NA,FALSE,44,29,NA,1
6100ac178a474bfcc555379b,24,1.4999999999999996,27,27,No Banner,Won,0,NA,FALSE,0,NA,NA,1
611b00c6f6cc82766cd07c16,1,0.29,13,2,Banner,Lost,1,nonhot_win_number,TRUE,19,19,NA,3
611b00c6f6cc82766cd07c16,2,0.27999999999999997,5,8,No Banner,Lost,0,NA,FALSE,5,6,NA,3
611b00c6f6cc82766cd07c16,3,0.6299999999999999,15,15,No Banner,Won,0,NA,FALSE,0,NA,NA,3
611b00c6f6cc82766cd07c16,4,0.6199999999999999,15,26,Banner,Lost,1,nonhot_win_number,FALSE,23,23,0,3
611b00c6f6cc82766cd07c16,5,0.6099999999999999,3,31,Banner,Lost,16,hot_win_number,TRUE,20,20,0,3
611b00c6f6cc82766cd07c16,6,0.5999999999999999,22,9,No Banner,Lost,0,NA,FALSE,17,17,NA,3
611b00c6f6cc82766cd07c16,7,0.5899999999999999,5,4,Banner,Lost,8,nonhot_win_number,FALSE,36,36,0,3
611b00c6f6cc82766cd07c16,8,0.5799999999999998,9,35,Banner,Lost,3,nonhot_win_number,TRUE,32,33,0,3
611b00c6f6cc82766cd07c16,9,0.9299999999999998,15,15,No Banner,Won,0,NA,FALSE,0,NA,NA,3
611b00c6f6cc82766cd07c16,10,0.9199999999999998,35,33,No Banner,Lost,0,NA,FALSE,25,25,NA,3
611b00c6f6cc82766cd07c16,11,0.9099999999999998,5,28,Banner,Lost,3,hot_win_number,TRUE,40,40,0,3
611b00c6f6cc82766cd07c16,12,0.8999999999999998,23,9,No Banner,Lost,0,NA,FALSE,24,21,NA,3
611b00c6f6cc82766cd07c16,13,0.8899999999999998,15,4,No Banner,Lost,0,NA,FALSE,7,14,NA,3
611b00c6f6cc82766cd07c16,14,0.8799999999999998,30,14,No Banner,Lost,0,NA,FALSE,33,31,NA,3
611b00c6f6cc82766cd07c16,15,0.8699999999999998,5,23,No Banner,Lost,0,NA,FALSE,16,16,NA,3
611b00c6f6cc82766cd07c16,16,0.8599999999999998,5,21,Banner,Lost,2,hot_win_number,FALSE,10,9,10,3
611b00c6f6cc82766cd07c16,17,0.8499999999999998,22,32,No Banner,Lost,0,NA,FALSE,36,35,NA,3
611b00c6f6cc82766cd07c16,18,1.1999999999999995,3,3,No Banner,Won,0,NA,FALSE,0,NA,NA,3
611b00c6f6cc82766cd07c16,19,1.1899999999999995,27,12,Banner,Lost,2,nonhot_win_number,TRUE,15,15,0,3
611b00c6f6cc82766cd07c16,20,1.1799999999999995,5,23,Banner,Lost,16,nonhot_win_number,TRUE,16,16,0,3
611b00c6f6cc82766cd07c16,21,1.1699999999999997,28,36,No Banner,Lost,0,NA,FALSE,15,16,NA,3
611b00c6f6cc82766cd07c16,22,1.5199999999999996,5,5,No Banner,Won,0,NA,FALSE,0,NA,NA,3
611b00c6f6cc82766cd07c16,23,1.5099999999999996,21,13,Banner,Lost,8,hot_win_number,TRUE,17,17,0,3
611b00c6f6cc82766cd07c16,24,1.4999999999999996,16,18,No Banner,Lost,0,NA,FALSE,18,18,NA,3
611bfbd4af7fa6a01a106813,1,0.29,15,16,Banner,Lost,2,hot_win_number,FALSE,1,1,0,2
611bfbd4af7fa6a01a106813,2,0.27999999999999997,15,31,Banner,Lost,8,hot_win_number,FALSE,1,1,0,2
611bfbd4af7fa6a01a106813,3,0.26999999999999996,26,22,No Banner,Lost,0,NA,FALSE,1,1,NA,2
611bfbd4af7fa6a01a106813,4,0.25999999999999995,15,27,Banner,Lost,3,nonhot_win_number,FALSE,1,1,0,2
611bfbd4af7fa6a01a106813,5,0.24999999999999992,33,36,No Banner,Lost,0,NA,FALSE,1,1,NA,2
611bfbd4af7fa6a01a106813,6,0.5999999999999999,15,15,No Banner,Won,0,NA,FALSE,0,NA,NA,2
611bfbd4af7fa6a01a106813,7,0.5899999999999999,13,27,No Banner,Lost,0,NA,FALSE,1,1,NA,2
611bfbd4af7fa6a01a106813,8,0.5799999999999998,13,22,Banner,Lost,16,nonhot_win_number,FALSE,1,1,0,2
611bfbd4af7fa6a01a106813,9,0.5699999999999998,13,3,No Banner,Lost,0,NA,FALSE,0,0,NA,2
611bfbd4af7fa6a01a106813,10,0.5599999999999998,13,36,Banner,Lost,1,nonhot_win_number,FALSE,0,0,0,2
611bfbd4af7fa6a01a106813,11,0.9099999999999998,20,20,No Banner,Won,0,NA,FALSE,0,NA,NA,2
611bfbd4af7fa6a01a106813,12,0.8999999999999998,13,9,No Banner,Lost,0,NA,FALSE,0,0,NA,2
611bfbd4af7fa6a01a106813,13,0.8899999999999998,13,9,No Banner,Lost,0,NA,FALSE,0,0,NA,2
611bfbd4af7fa6a01a106813,14,0.8799999999999998,13,14,Banner,Lost,2,nonhot_win_number,FALSE,0,0,0,2
611bfbd4af7fa6a01a106813,15,1.2299999999999998,30,30,No Banner,Won,0,NA,FALSE,0,NA,NA,2
611bfbd4af7fa6a01a106813,16,1.2199999999999998,13,36,No Banner,Lost,0,NA,FALSE,0,0,NA,2
611bfbd4af7fa6a01a106813,17,1.2099999999999995,13,29,Banner,Lost,8,nonhot_win_number,FALSE,0,0,0,2
611bfbd4af7fa6a01a106813,18,1.1999999999999995,25,27,No Banner,Lost,0,NA,FALSE,0,0,NA,2
611bfbd4af7fa6a01a106813,19,1.1899999999999995,13,2,Banner,Lost,3,hot_win_number,FALSE,0,0,0,2
611bfbd4af7fa6a01a106813,20,1.1799999999999995,12,9,No Banner,Lost,0,NA,FALSE,0,0,NA,2
611bfbd4af7fa6a01a106813,21,1.1699999999999997,13,16,No Banner,Lost,0,NA,FALSE,0,0,NA,2
611bfbd4af7fa6a01a106813,22,1.1599999999999997,13,22,Banner,Lost,16,hot_win_number,FALSE,0,0,0,2
611bfbd4af7fa6a01a106813,23,1.5099999999999998,33,33,No Banner,Won,0,NA,FALSE,0,NA,NA,2
611bfbd4af7fa6a01a106813,24,1.4999999999999998,13,16,Banner,Lost,1,nonhot_win_number,TRUE,0,0,NA,2
6123d102b713b8a947fd2eb2,1,0.29,9,4,Banner,Lost,2,hot_win_number,FALSE,11,15,17,1
6123d102b713b8a947fd2eb2,2,0.27999999999999997,22,24,No Banner,Lost,0,NA,FALSE,17,24,NA,1
6123d102b713b8a947fd2eb2,3,0.6299999999999999,13,13,No Banner,Won,0,NA,FALSE,0,NA,NA,1
6123d102b713b8a947fd2eb2,4,0.6199999999999999,15,8,No Banner,Lost,0,NA,FALSE,23,23,NA,1
6123d102b713b8a947fd2eb2,5,0.6099999999999999,11,5,No Banner,Lost,0,NA,FALSE,22,22,NA,1
6123d102b713b8a947fd2eb2,6,0.5999999999999999,27,14,Banner,Lost,1,nonhot_win_number,FALSE,21,23,22,1
6123d102b713b8a947fd2eb2,7,0.5899999999999999,17,21,Banner,Lost,3,hot_win_number,FALSE,25,25,21,1
6123d102b713b8a947fd2eb2,8,0.5799999999999998,10,26,Banner,Lost,2,nonhot_win_number,FALSE,29,34,10,1
6123d102b713b8a947fd2eb2,9,0.9299999999999998,8,8,No Banner,Won,0,NA,FALSE,0,NA,NA,1
6123d102b713b8a947fd2eb2,10,0.9199999999999998,29,9,Banner,Lost,8,hot_win_number,FALSE,20,21,19,1
6123d102b713b8a947fd2eb2,11,0.9099999999999998,8,18,No Banner,Lost,0,NA,FALSE,25,32,NA,1
6123d102b713b8a947fd2eb2,12,0.8999999999999998,23,24,Banner,Lost,16,hot_win_number,FALSE,27,22,15,1
6123d102b713b8a947fd2eb2,13,0.8899999999999998,21,2,No Banner,Lost,0,NA,FALSE,21,21,NA,1
6123d102b713b8a947fd2eb2,14,0.8799999999999998,15,13,Banner,Lost,8,nonhot_win_number,TRUE,20,23,12,1
6123d102b713b8a947fd2eb2,15,0.8699999999999998,17,26,No Banner,Lost,0,NA,FALSE,24,22,NA,1
6123d102b713b8a947fd2eb2,16,0.8599999999999998,9,34,No Banner,Lost,0,NA,FALSE,23,23,NA,1
6123d102b713b8a947fd2eb2,17,1.2099999999999995,25,25,No Banner,Won,0,NA,FALSE,0,NA,NA,1
6123d102b713b8a947fd2eb2,18,1.1999999999999995,11,27,Banner,Lost,3,nonhot_win_number,FALSE,17,19,5,1
6123d102b713b8a947fd2eb2,19,1.1899999999999995,26,35,Banner,Lost,1,nonhot_win_number,FALSE,14,10,5,1
6123d102b713b8a947fd2eb2,20,1.1799999999999995,15,31,No Banner,Lost,0,NA,FALSE,27,30,NA,1
6123d102b713b8a947fd2eb2,21,1.1699999999999997,3,12,No Banner,Lost,0,NA,FALSE,22,27,NA,1
6123d102b713b8a947fd2eb2,22,1.1599999999999997,10,6,Banner,Lost,16,nonhot_win_number,TRUE,23,19,17,1
6123d102b713b8a947fd2eb2,23,1.5099999999999998,16,16,No Banner,Won,0,NA,FALSE,0,NA,NA,1
6123d102b713b8a947fd2eb2,24,1.4999999999999998,12,7,No Banner,Lost,0,NA,FALSE,21,13,NA,1
612547f89bad5437aaecfa66,1,0.29,6,13,Banner,Lost,3,hot_win_number,TRUE,53,39,31,2
612547f89bad5437aaecfa66,2,0.27999999999999997,22,19,No Banner,Lost,0,NA,FALSE,12,2,NA,2
612547f89bad5437aaecfa66,3,0.6299999999999999,7,7,No Banner,Won,0,NA,FALSE,7,NA,NA,2
612547f89bad5437aaecfa66,4,0.6199999999999999,27,1,No Banner,Lost,0,NA,FALSE,12,12,NA,2
612547f89bad5437aaecfa66,5,0.6099999999999999,4,33,Banner,Lost,8,hot_win_number,TRUE,37,11,8,2
612547f89bad5437aaecfa66,6,0.5999999999999999,15,18,Banner,Lost,1,nonhot_win_number,TRUE,86,8,NA,2
612547f89bad5437aaecfa66,7,0.5899999999999999,36,18,Banner,Lost,2,nonhot_win_number,TRUE,43,13,10,2
612547f89bad5437aaecfa66,8,0.5799999999999998,18,17,Banner,Lost,2,hot_win_number,FALSE,59,11,9,2
612547f89bad5437aaecfa66,9,0.5699999999999998,17,5,No Banner,Lost,0,NA,FALSE,12,12,NA,2
612547f89bad5437aaecfa66,10,0.9199999999999998,13,13,No Banner,Won,0,NA,FALSE,1,NA,NA,2
612547f89bad5437aaecfa66,11,0.9099999999999998,21,9,No Banner,Lost,0,NA,FALSE,22,25,NA,2
612547f89bad5437aaecfa66,12,0.8999999999999998,18,6,No Banner,Lost,0,NA,FALSE,2,21,NA,2
612547f89bad5437aaecfa66,13,0.8899999999999998,4,28,No Banner,Lost,0,NA,FALSE,4,18,NA,2
612547f89bad5437aaecfa66,14,0.8799999999999998,20,9,No Banner,Lost,0,NA,FALSE,3,5,NA,2
612547f89bad5437aaecfa66,15,1.2299999999999998,13,13,No Banner,Won,0,NA,FALSE,0,NA,NA,2
612547f89bad5437aaecfa66,16,1.2199999999999998,14,12,Banner,Lost,16,hot_win_number,TRUE,46,8,3,2
612547f89bad5437aaecfa66,17,1.2099999999999995,35,22,Banner,Lost,3,nonhot_win_number,TRUE,34,9,6,2
612547f89bad5437aaecfa66,18,1.1999999999999995,15,11,No Banner,Lost,0,NA,FALSE,10,9,NA,2
612547f89bad5437aaecfa66,19,1.1899999999999995,12,33,No Banner,Lost,0,NA,FALSE,7,11,NA,2
612547f89bad5437aaecfa66,20,1.1799999999999995,8,15,Banner,Lost,8,nonhot_win_number,TRUE,40,4,2,2
612547f89bad5437aaecfa66,21,1.1699999999999997,19,11,No Banner,Lost,0,NA,FALSE,10,6,NA,2
612547f89bad5437aaecfa66,22,1.1599999999999997,30,10,Banner,Lost,16,nonhot_win_number,TRUE,50,14,11,2
612547f89bad5437aaecfa66,23,1.5099999999999998,19,19,No Banner,Won,0,NA,FALSE,0,NA,NA,2
612547f89bad5437aaecfa66,24,1.4999999999999998,7,28,Banner,Lost,1,nonhot_win_number,FALSE,46,9,5,2
6144b21806fb764e5f179bc2,1,0.29,19,29,No Banner,Lost,0,NA,FALSE,0,1,NA,1
6144b21806fb764e5f179bc2,2,0.27999999999999997,19,7,No Banner,Lost,0,NA,FALSE,1,2,NA,1
6144b21806fb764e5f179bc2,3,0.26999999999999996,19,16,No Banner,Lost,0,NA,FALSE,2,3,NA,1
6144b21806fb764e5f179bc2,4,0.6199999999999999,19,19,No Banner,Won,0,NA,FALSE,0,NA,NA,1
6144b21806fb764e5f179bc2,5,0.6099999999999999,19,22,Banner,Lost,2,nonhot_win_number,FALSE,4,5,1,1
6144b21806fb764e5f179bc2,6,0.5999999999999999,19,13,No Banner,Lost,0,NA,FALSE,5,6,NA,1
6144b21806fb764e5f179bc2,7,0.5899999999999999,19,15,No Banner,Lost,0,NA,FALSE,6,7,NA,1
6144b21806fb764e5f179bc2,8,0.5799999999999998,19,27,No Banner,Lost,0,NA,FALSE,7,8,NA,1
6144b21806fb764e5f179bc2,9,0.9299999999999998,19,19,No Banner,Won,0,NA,FALSE,0,NA,NA,1
6144b21806fb764e5f179bc2,10,0.9199999999999998,19,22,Banner,Lost,16,nonhot_win_number,TRUE,8,9,2,1
6144b21806fb764e5f179bc2,11,0.9099999999999998,19,34,Banner,Lost,8,nonhot_win_number,FALSE,9,10,3,1
6144b21806fb764e5f179bc2,12,0.8999999999999998,19,34,Banner,Lost,1,nonhot_win_number,FALSE,10,11,4,1
6144b21806fb764e5f179bc2,13,0.8899999999999998,19,36,No Banner,Lost,0,NA,FALSE,11,12,NA,1
6144b21806fb764e5f179bc2,14,0.8799999999999998,19,3,No Banner,Lost,0,NA,FALSE,12,13,NA,1
6144b21806fb764e5f179bc2,15,0.8699999999999998,19,36,Banner,Lost,1,nonhot_win_number,FALSE,13,14,4,1
6144b21806fb764e5f179bc2,16,1.2199999999999998,19,19,No Banner,Won,0,NA,FALSE,0,NA,NA,1
6144b21806fb764e5f179bc2,17,1.2099999999999995,19,15,Banner,Lost,2,hot_win_number,TRUE,10,11,NA,1
6144b21806fb764e5f179bc2,18,1.1999999999999995,19,1,Banner,Lost,3,hot_win_number,FALSE,12,12,3,1
6144b21806fb764e5f179bc2,19,1.1899999999999995,19,17,No Banner,Lost,0,NA,FALSE,13,14,NA,1
6144b21806fb764e5f179bc2,20,1.1799999999999995,19,3,Banner,Lost,8,hot_win_number,FALSE,14,15,5,1
6144b21806fb764e5f179bc2,21,1.1699999999999997,19,12,Banner,Lost,16,hot_win_number,FALSE,15,16,4,1
6144b21806fb764e5f179bc2,22,1.1599999999999997,19,15,Banner,Lost,3,nonhot_win_number,FALSE,16,18,4,1
6144b21806fb764e5f179bc2,23,1.5099999999999998,19,19,No Banner,Won,0,NA,FALSE,0,NA,NA,1
6144b21806fb764e5f179bc2,24,1.4999999999999998,19,12,No Banner,Lost,0,NA,FALSE,100,100,NA,1
6234afc11b0f28d2f618991c,1,0.29,10,27,Banner,Lost,16,nonhot_win_number,TRUE,2,2,0,1
6234afc11b0f28d2f618991c,2,0.27999999999999997,26,3,No Banner,Lost,0,NA,FALSE,2,2,NA,1
6234afc11b0f28d2f618991c,3,0.26999999999999996,33,18,Banner,Lost,3,hot_win_number,TRUE,4,2,0,1
6234afc11b0f28d2f618991c,4,0.25999999999999995,19,25,No Banner,Lost,0,NA,FALSE,4,4,NA,1
6234afc11b0f28d2f618991c,5,0.6099999999999999,26,26,No Banner,Won,0,NA,FALSE,0,NA,NA,1
6234afc11b0f28d2f618991c,6,0.5999999999999999,16,25,No Banner,Lost,0,NA,FALSE,4,4,NA,1
6234afc11b0f28d2f618991c,7,0.5899999999999999,4,29,Banner,Lost,3,nonhot_win_number,TRUE,4,4,0,1
6234afc11b0f28d2f618991c,8,0.5799999999999998,30,18,Banner,Lost,8,nonhot_win_number,TRUE,4,4,0,1
6234afc11b0f28d2f618991c,9,0.5699999999999998,13,35,No Banner,Lost,0,NA,FALSE,4,4,NA,1
6234afc11b0f28d2f618991c,10,0.5599999999999998,19,1,Banner,Lost,2,hot_win_number,TRUE,5,5,NA,1
6234afc11b0f28d2f618991c,11,0.5499999999999998,33,6,No Banner,Lost,0,NA,FALSE,5,5,NA,1
6234afc11b0f28d2f618991c,12,0.8999999999999998,24,24,No Banner,Won,0,NA,FALSE,0,NA,NA,1
6234afc11b0f28d2f618991c,13,0.8899999999999998,35,28,Banner,Lost,2,nonhot_win_number,TRUE,5,5,0,1
6234afc11b0f28d2f618991c,14,0.8799999999999998,7,16,No Banner,Lost,0,NA,FALSE,5,5,NA,1
6234afc11b0f28d2f618991c,15,0.8699999999999998,28,9,Banner,Lost,8,hot_win_number,TRUE,5,5,0,1
6234afc11b0f28d2f618991c,16,0.8599999999999998,8,32,No Banner,Lost,0,NA,FALSE,5,5,NA,1
6234afc11b0f28d2f618991c,17,1.2099999999999995,29,29,No Banner,Won,0,NA,FALSE,0,NA,NA,1
6234afc11b0f28d2f618991c,18,1.1999999999999995,16,28,Banner,Lost,16,hot_win_number,TRUE,5,5,0,1
6234afc11b0f28d2f618991c,19,1.1899999999999995,6,31,No Banner,Lost,0,NA,FALSE,5,5,NA,1
6234afc11b0f28d2f618991c,20,1.1799999999999995,4,28,Banner,Lost,1,nonhot_win_number,TRUE,5,5,NA,1
6234afc11b0f28d2f618991c,21,1.1699999999999997,21,32,No Banner,Lost,0,NA,FALSE,5,5,NA,1
6234afc11b0f28d2f618991c,22,1.5199999999999996,11,11,No Banner,Won,0,NA,FALSE,0,NA,NA,1
6234afc11b0f28d2f618991c,23,1.5099999999999996,5,13,Banner,Lost,1,nonhot_win_number,TRUE,4,4,NA,1
6234afc11b0f28d2f618991c,24,1.4999999999999996,21,22,No Banner,Lost,0,NA,FALSE,4,4,NA,1
62e641e757a7c8640079fbd9,1,0.29,31,15,Banner,Lost,2,nonhot_win_number,TRUE,100,50,0,2
62e641e757a7c8640079fbd9,2,0.27999999999999997,15,31,Banner,Lost,3,hot_win_number,TRUE,100,100,0,2
62e641e757a7c8640079fbd9,3,0.6299999999999999,20,20,No Banner,Won,0,NA,FALSE,0,NA,NA,2
62e641e757a7c8640079fbd9,4,0.6199999999999999,23,22,No Banner,Lost,0,NA,FALSE,0,0,NA,2
62e641e757a7c8640079fbd9,5,0.6099999999999999,6,15,Banner,Lost,1,nonhot_win_number,FALSE,100,100,0,2
62e641e757a7c8640079fbd9,6,0.5999999999999999,12,33,Banner,Lost,16,nonhot_win_number,TRUE,100,100,0,2
62e641e757a7c8640079fbd9,7,0.5899999999999999,33,34,No Banner,Lost,0,NA,FALSE,100,100,NA,2
62e641e757a7c8640079fbd9,8,0.5799999999999998,5,6,No Banner,Lost,0,NA,FALSE,100,100,NA,2
62e641e757a7c8640079fbd9,9,0.5699999999999998,11,8,Banner,Lost,8,hot_win_number,TRUE,100,100,0,2
62e641e757a7c8640079fbd9,10,0.9199999999999998,21,21,No Banner,Won,0,NA,FALSE,100,NA,NA,2
62e641e757a7c8640079fbd9,11,0.9099999999999998,17,16,No Banner,Lost,0,NA,FALSE,100,100,NA,2
62e641e757a7c8640079fbd9,12,0.8999999999999998,36,30,No Banner,Lost,0,NA,FALSE,100,100,NA,2
62e641e757a7c8640079fbd9,13,0.8899999999999998,29,9,Banner,Lost,16,hot_win_number,TRUE,100,100,0,2
62e641e757a7c8640079fbd9,14,0.8799999999999998,30,6,No Banner,Lost,0,NA,FALSE,100,100,NA,2
62e641e757a7c8640079fbd9,15,0.8699999999999998,8,28,Banner,Lost,2,hot_win_number,FALSE,100,100,0,2
62e641e757a7c8640079fbd9,16,1.2199999999999998,27,27,No Banner,Won,0,NA,FALSE,0,NA,NA,2
62e641e757a7c8640079fbd9,17,1.2099999999999995,26,16,Banner,Lost,1,nonhot_win_number,TRUE,100,100,NA,2
62e641e757a7c8640079fbd9,18,1.1999999999999995,1,8,Banner,Lost,3,nonhot_win_number,TRUE,100,100,0,2
62e641e757a7c8640079fbd9,19,1.1899999999999995,10,20,No Banner,Lost,0,NA,FALSE,100,100,NA,2
62e641e757a7c8640079fbd9,20,1.1799999999999995,18,14,No Banner,Lost,0,NA,FALSE,100,50,NA,2
62e641e757a7c8640079fbd9,21,1.1699999999999997,26,21,No Banner,Lost,0,NA,FALSE,100,81,NA,2
62e641e757a7c8640079fbd9,22,1.1599999999999997,24,19,Banner,Lost,8,nonhot_win_number,FALSE,100,100,0,2
62e641e757a7c8640079fbd9,23,1.1499999999999997,8,36,No Banner,Lost,0,NA,FALSE,80,50,NA,2
62e641e757a7c8640079fbd9,24,1.4999999999999996,17,17,No Banner,Won,0,NA,FALSE,0,NA,NA,2
6562177a48308eebbb6359ea,1,0.29,27,2,Banner,Lost,3,hot_win_number,TRUE,50,100,0,2
6562177a48308eebbb6359ea,2,0.27999999999999997,33,31,No Banner,Lost,0,NA,FALSE,10,100,NA,2
6562177a48308eebbb6359ea,3,0.26999999999999996,28,18,Banner,Lost,1,nonhot_win_number,TRUE,75,100,NA,2
6562177a48308eebbb6359ea,4,0.25999999999999995,18,4,Banner,Lost,3,nonhot_win_number,TRUE,75,100,0,2
6562177a48308eebbb6359ea,5,0.24999999999999992,33,25,No Banner,Lost,0,NA,FALSE,10,100,NA,2
6562177a48308eebbb6359ea,6,0.5999999999999999,1,1,No Banner,Won,0,NA,FALSE,0,NA,NA,2
6562177a48308eebbb6359ea,7,0.5899999999999999,33,35,Banner,Lost,16,nonhot_win_number,TRUE,25,100,0,2
6562177a48308eebbb6359ea,8,0.5799999999999998,33,25,Banner,Lost,8,nonhot_win_number,TRUE,25,100,0,2
6562177a48308eebbb6359ea,9,0.5699999999999998,36,25,Banner,Lost,2,nonhot_win_number,FALSE,25,100,0,2
6562177a48308eebbb6359ea,10,0.5599999999999998,36,13,Banner,Lost,16,hot_win_number,TRUE,50,100,0,2
6562177a48308eebbb6359ea,11,0.5499999999999998,11,9,No Banner,Lost,0,NA,FALSE,10,100,NA,2
6562177a48308eebbb6359ea,12,0.8999999999999998,11,11,No Banner,Won,0,NA,FALSE,0,NA,NA,2
6562177a48308eebbb6359ea,13,0.8899999999999998,11,21,No Banner,Lost,0,NA,FALSE,60,100,NA,2
6562177a48308eebbb6359ea,14,0.8799999999999998,30,32,Banner,Lost,2,hot_win_number,TRUE,75,100,NA,2
6562177a48308eebbb6359ea,15,0.8699999999999998,25,12,No Banner,Lost,0,NA,FALSE,10,100,NA,2
6562177a48308eebbb6359ea,16,1.2199999999999998,25,25,No Banner,Won,0,NA,FALSE,0,NA,NA,2
6562177a48308eebbb6359ea,17,1.2099999999999995,13,7,Banner,Lost,8,hot_win_number,TRUE,30,100,0,2
6562177a48308eebbb6359ea,18,1.1999999999999995,20,34,No Banner,Lost,0,NA,FALSE,10,100,NA,2
6562177a48308eebbb6359ea,19,1.1899999999999995,17,21,Banner,Lost,1,nonhot_win_number,TRUE,75,100,NA,2
6562177a48308eebbb6359ea,20,1.1799999999999995,20,36,No Banner,Lost,0,NA,FALSE,25,100,NA,2
6562177a48308eebbb6359ea,21,1.1699999999999997,33,20,No Banner,Lost,0,NA,FALSE,50,100,NA,2
6562177a48308eebbb6359ea,22,1.1599999999999997,20,27,No Banner,Lost,0,NA,FALSE,40,100,NA,2
6562177a48308eebbb6359ea,23,1.1499999999999997,6,11,No Banner,Lost,0,NA,FALSE,20,100,NA,2
6562177a48308eebbb6359ea,24,1.4999999999999996,6,6,No Banner,Won,0,NA,FALSE,0,NA,NA,2
659577f52ae73223e381362a,1,0.29,3,30,Banner,Lost,3,hot_win_number,TRUE,88,64,0,2
659577f52ae73223e381362a,2,0.27999999999999997,17,24,Banner,Lost,2,nonhot_win_number,TRUE,33,48,0,2
659577f52ae73223e381362a,3,0.26999999999999996,28,9,Banner,Lost,1,nonhot_win_number,TRUE,8,15,NA,2
659577f52ae73223e381362a,4,0.25999999999999995,33,21,Banner,Lost,16,hot_win_number,TRUE,4,22,0,2
659577f52ae73223e381362a,5,0.6099999999999999,7,7,No Banner,Won,0,NA,FALSE,0,NA,NA,2
659577f52ae73223e381362a,6,0.5999999999999999,10,24,Banner,Lost,8,hot_win_number,TRUE,29,22,0,2
659577f52ae73223e381362a,7,0.5899999999999999,27,19,Banner,Lost,16,nonhot_win_number,TRUE,0,5,0,2
659577f52ae73223e381362a,8,0.5799999999999998,7,9,No Banner,Lost,0,NA,FALSE,22,31,NA,2
659577f52ae73223e381362a,9,0.5699999999999998,10,34,Banner,Lost,1,nonhot_win_number,TRUE,73,24,NA,2
659577f52ae73223e381362a,10,0.5599999999999998,27,6,No Banner,Lost,0,NA,FALSE,12,9,NA,2
659577f52ae73223e381362a,11,0.5499999999999998,27,33,No Banner,Lost,0,NA,FALSE,35,27,NA,2
659577f52ae73223e381362a,12,0.8999999999999998,27,27,No Banner,Won,0,NA,FALSE,0,NA,NA,2
659577f52ae73223e381362a,13,0.8899999999999998,27,3,Banner,Lost,2,hot_win_number,FALSE,20,59,0,2
659577f52ae73223e381362a,14,0.8799999999999998,7,17,Banner,Lost,8,nonhot_win_number,FALSE,38,33,0,2
659577f52ae73223e381362a,15,0.8699999999999998,17,33,No Banner,Lost,0,NA,FALSE,22,9,NA,2
659577f52ae73223e381362a,16,0.8599999999999998,7,26,No Banner,Lost,0,NA,FALSE,6,6,NA,2
659577f52ae73223e381362a,17,1.2099999999999995,7,7,No Banner,Won,0,NA,FALSE,0,NA,NA,2
659577f52ae73223e381362a,18,1.1999999999999995,27,35,No Banner,Lost,0,NA,FALSE,10,10,NA,2
659577f52ae73223e381362a,19,1.1899999999999995,27,6,No Banner,Lost,0,NA,FALSE,28,9,NA,2
659577f52ae73223e381362a,20,1.1799999999999995,27,10,No Banner,Lost,0,NA,FALSE,32,61,NA,2
659577f52ae73223e381362a,21,1.1699999999999997,27,10,No Banner,Lost,0,NA,FALSE,55,79,NA,2
659577f52ae73223e381362a,22,1.1599999999999997,10,3,No Banner,Lost,0,NA,FALSE,63,8,NA,2
659577f52ae73223e381362a,23,1.1499999999999997,17,36,Banner,Lost,3,nonhot_win_number,FALSE,13,5,0,2
659577f52ae73223e381362a,24,1.4999999999999996,28,28,No Banner,Won,0,NA,FALSE,0,NA,NA,2
659daa1ed4e13d6428103c1f,1,0.29,5,20,No Banner,Lost,0,NA,FALSE,78,87,NA,2
659daa1ed4e13d6428103c1f,2,0.27999999999999997,15,34,No Banner,Lost,0,NA,FALSE,64,81,NA,2
659daa1ed4e13d6428103c1f,3,0.6299999999999999,8,8,No Banner,Won,0,NA,FALSE,0,NA,NA,2
659daa1ed4e13d6428103c1f,4,0.6199999999999999,22,10,No Banner,Lost,0,NA,FALSE,72,90,NA,2
659daa1ed4e13d6428103c1f,5,0.6099999999999999,26,17,No Banner,Lost,0,NA,FALSE,66,84,NA,2
659daa1ed4e13d6428103c1f,6,0.5999999999999999,15,2,Banner,Lost,16,hot_win_number,TRUE,62,81,20,2
659daa1ed4e13d6428103c1f,7,0.5899999999999999,27,13,No Banner,Lost,0,NA,FALSE,57,77,NA,2
659daa1ed4e13d6428103c1f,8,0.5799999999999998,21,16,No Banner,Lost,0,NA,FALSE,60,91,NA,2
659daa1ed4e13d6428103c1f,9,0.9299999999999998,20,20,No Banner,Won,0,NA,FALSE,0,NA,NA,2
659daa1ed4e13d6428103c1f,10,0.9199999999999998,17,3,No Banner,Lost,0,NA,FALSE,63,80,NA,2
659daa1ed4e13d6428103c1f,11,0.9099999999999998,11,13,Banner,Lost,2,hot_win_number,FALSE,57,78,0,2
659daa1ed4e13d6428103c1f,12,0.8999999999999998,13,8,Banner,Lost,1,nonhot_win_number,FALSE,62,81,0,2
659daa1ed4e13d6428103c1f,13,0.8899999999999998,25,34,Banner,Lost,3,nonhot_win_number,TRUE,83,93,0,2
659daa1ed4e13d6428103c1f,14,0.8799999999999998,22,14,No Banner,Lost,0,NA,FALSE,62,82,NA,2
659daa1ed4e13d6428103c1f,15,0.8699999999999998,19,32,Banner,Lost,16,nonhot_win_number,TRUE,71,83,0,2
659daa1ed4e13d6428103c1f,16,1.2199999999999998,23,23,No Banner,Won,0,NA,FALSE,0,NA,NA,2
659daa1ed4e13d6428103c1f,17,1.2099999999999995,24,8,No Banner,Lost,0,NA,FALSE,62,86,NA,2
659daa1ed4e13d6428103c1f,18,1.1999999999999995,13,6,Banner,Lost,2,nonhot_win_number,TRUE,86,62,0,2
659daa1ed4e13d6428103c1f,19,1.1899999999999995,21,18,No Banner,Lost,0,NA,FALSE,58,62,NA,2
659daa1ed4e13d6428103c1f,20,1.1799999999999995,22,26,Banner,Lost,8,hot_win_number,TRUE,80,62,0,2
659daa1ed4e13d6428103c1f,21,1.1699999999999997,10,12,Banner,Lost,8,nonhot_win_number,TRUE,84,74,0,2
659daa1ed4e13d6428103c1f,22,1.1599999999999997,14,16,Banner,Lost,3,hot_win_number,FALSE,82,83,0,2
659daa1ed4e13d6428103c1f,23,1.5099999999999998,21,21,No Banner,Won,0,NA,FALSE,0,NA,NA,2
659daa1ed4e13d6428103c1f,24,1.4999999999999998,11,4,Banner,Lost,1,nonhot_win_number,FALSE,89,70,0,2
6614a5298c82365421d9b0b9,1,0.29,18,27,No Banner,Lost,0,NA,FALSE,75,100,NA,1
6614a5298c82365421d9b0b9,2,0.27999999999999997,13,23,Banner,Lost,1,nonhot_win_number,FALSE,60,80,5,1
6614a5298c82365421d9b0b9,3,0.26999999999999996,9,23,No Banner,Lost,0,NA,FALSE,70,90,NA,1
6614a5298c82365421d9b0b9,4,0.25999999999999995,14,5,No Banner,Lost,0,NA,FALSE,70,100,NA,1
6614a5298c82365421d9b0b9,5,0.6099999999999999,21,21,No Banner,Won,0,NA,FALSE,0,NA,NA,1
6614a5298c82365421d9b0b9,6,0.5999999999999999,25,28,Banner,Lost,1,nonhot_win_number,FALSE,50,75,75,1
6614a5298c82365421d9b0b9,7,0.5899999999999999,17,35,No Banner,Lost,0,NA,FALSE,80,70,NA,1
6614a5298c82365421d9b0b9,8,0.5799999999999998,23,15,Banner,Lost,16,nonhot_win_number,FALSE,65,70,0,1
6614a5298c82365421d9b0b9,9,0.9299999999999998,29,29,No Banner,Won,0,NA,FALSE,0,NA,NA,1
6614a5298c82365421d9b0b9,10,0.9199999999999998,8,22,No Banner,Lost,0,NA,FALSE,50,60,NA,1
6614a5298c82365421d9b0b9,11,0.9099999999999998,16,8,Banner,Lost,16,hot_win_number,TRUE,50,65,0,1
6614a5298c82365421d9b0b9,12,0.8999999999999998,1,5,Banner,Lost,2,hot_win_number,FALSE,50,70,0,1
6614a5298c82365421d9b0b9,13,0.8899999999999998,23,8,No Banner,Lost,0,NA,FALSE,60,70,NA,1
6614a5298c82365421d9b0b9,14,0.8799999999999998,21,23,No Banner,Lost,0,NA,FALSE,100,100,NA,1
6614a5298c82365421d9b0b9,15,0.8699999999999998,16,18,No Banner,Lost,0,NA,FALSE,65,80,NA,1
6614a5298c82365421d9b0b9,16,0.8599999999999998,20,33,No Banner,Lost,0,NA,FALSE,50,60,NA,1
6614a5298c82365421d9b0b9,17,0.8499999999999998,32,25,No Banner,Lost,0,NA,FALSE,35,55,NA,1
6614a5298c82365421d9b0b9,18,1.1999999999999995,17,17,No Banner,Won,0,NA,FALSE,0,NA,NA,1
6614a5298c82365421d9b0b9,19,1.1899999999999995,32,3,Banner,Lost,3,hot_win_number,FALSE,50,80,0,1
6614a5298c82365421d9b0b9,20,1.1799999999999995,6,15,Banner,Lost,8,nonhot_win_number,TRUE,45,50,0,1
6614a5298c82365421d9b0b9,21,1.1699999999999997,21,1,Banner,Lost,2,nonhot_win_number,FALSE,50,60,0,1
6614a5298c82365421d9b0b9,22,1.1599999999999997,15,1,Banner,Lost,8,hot_win_number,FALSE,30,50,0,1
6614a5298c82365421d9b0b9,23,1.5099999999999998,14,14,No Banner,Won,0,NA,FALSE,0,NA,NA,1
6614a5298c82365421d9b0b9,24,1.4999999999999998,36,15,Banner,Lost,3,nonhot_win_number,FALSE,50,75,0,1
66231fc6e1ecba676935943a,1,0.29,15,28,Banner,Lost,2,nonhot_win_number,FALSE,57,8,0,1
66231fc6e1ecba676935943a,2,0.27999999999999997,36,2,Banner,Lost,1,nonhot_win_number,TRUE,14,15,NA,1
66231fc6e1ecba676935943a,3,0.26999999999999996,22,29,Banner,Lost,8,nonhot_win_number,TRUE,7,6,6,1
66231fc6e1ecba676935943a,4,0.6199999999999999,12,12,No Banner,Won,0,NA,FALSE,0,NA,NA,1
66231fc6e1ecba676935943a,5,0.6099999999999999,3,17,No Banner,Lost,0,NA,FALSE,19,15,NA,1
66231fc6e1ecba676935943a,6,0.5999999999999999,6,2,Banner,Lost,8,hot_win_number,TRUE,54,31,0,1
66231fc6e1ecba676935943a,7,0.5899999999999999,17,18,Banner,Lost,16,nonhot_win_number,TRUE,42,51,0,1
66231fc6e1ecba676935943a,8,0.5799999999999998,35,16,No Banner,Lost,0,NA,FALSE,48,9,NA,1
66231fc6e1ecba676935943a,9,0.5699999999999998,12,11,Banner,Lost,3,hot_win_number,TRUE,35,13,0,1
66231fc6e1ecba676935943a,10,0.5599999999999998,2,11,No Banner,Lost,0,NA,FALSE,32,16,NA,1
66231fc6e1ecba676935943a,11,0.5499999999999998,4,14,Banner,Lost,3,nonhot_win_number,TRUE,32,13,0,1
66231fc6e1ecba676935943a,12,0.8999999999999998,21,21,No Banner,Won,0,NA,FALSE,0,NA,NA,1
66231fc6e1ecba676935943a,13,0.8899999999999998,5,30,Banner,Lost,2,hot_win_number,TRUE,68,72,NA,1
66231fc6e1ecba676935943a,14,0.8799999999999998,13,27,No Banner,Lost,0,NA,FALSE,20,24,NA,1
66231fc6e1ecba676935943a,15,1.2299999999999998,27,27,No Banner,Won,0,NA,FALSE,0,NA,NA,1
66231fc6e1ecba676935943a,16,1.2199999999999998,14,20,No Banner,Lost,0,NA,FALSE,27,26,NA,1
66231fc6e1ecba676935943a,17,1.2099999999999995,15,21,Banner,Lost,1,nonhot_win_number,TRUE,43,24,NA,1
66231fc6e1ecba676935943a,18,1.1999999999999995,14,23,No Banner,Lost,0,NA,FALSE,51,40,NA,1
66231fc6e1ecba676935943a,19,1.1899999999999995,23,26,No Banner,Lost,0,NA,FALSE,36,33,NA,1
66231fc6e1ecba676935943a,20,1.1799999999999995,30,1,No Banner,Lost,0,NA,FALSE,39,31,NA,1
66231fc6e1ecba676935943a,21,1.5299999999999998,2,2,No Banner,Won,0,NA,FALSE,0,NA,NA,1
66231fc6e1ecba676935943a,22,1.5199999999999998,3,1,No Banner,Lost,0,NA,FALSE,40,17,NA,1
66231fc6e1ecba676935943a,23,1.5099999999999998,3,15,Banner,Lost,16,hot_win_number,TRUE,21,19,33,1
66231fc6e1ecba676935943a,24,1.4999999999999998,11,7,No Banner,Lost,0,NA,FALSE,42,33,NA,1
662692c1abc4830626fccb23,1,0.29,33,13,No Banner,Lost,0,NA,FALSE,50,100,NA,2
662692c1abc4830626fccb23,2,0.27999999999999997,16,29,Banner,Lost,2,nonhot_win_number,TRUE,50,100,0,2
662692c1abc4830626fccb23,3,0.26999999999999996,3,12,Banner,Lost,3,nonhot_win_number,FALSE,49,100,0,2
662692c1abc4830626fccb23,4,0.6199999999999999,33,33,No Banner,Won,0,NA,FALSE,0,NA,NA,2
662692c1abc4830626fccb23,5,0.6099999999999999,33,14,Banner,Lost,1,nonhot_win_number,FALSE,50,100,0,2
662692c1abc4830626fccb23,6,0.5999999999999999,3,21,No Banner,Lost,0,NA,FALSE,50,100,NA,2
662692c1abc4830626fccb23,7,0.5899999999999999,33,24,No Banner,Lost,0,NA,FALSE,49,100,NA,2
662692c1abc4830626fccb23,8,0.5799999999999998,23,24,No Banner,Lost,0,NA,FALSE,55,100,NA,2
662692c1abc4830626fccb23,9,0.5699999999999998,34,6,Banner,Lost,1,nonhot_win_number,TRUE,51,100,NA,2
662692c1abc4830626fccb23,10,0.5599999999999998,23,17,No Banner,Lost,0,NA,FALSE,53,100,NA,2
662692c1abc4830626fccb23,11,0.5499999999999998,6,20,Banner,Lost,16,hot_win_number,TRUE,52,100,0,2
662692c1abc4830626fccb23,12,0.8999999999999998,20,20,No Banner,Won,0,NA,FALSE,0,NA,NA,2
662692c1abc4830626fccb23,13,0.8899999999999998,24,17,No Banner,Lost,0,NA,FALSE,53,100,NA,2
662692c1abc4830626fccb23,14,0.8799999999999998,16,13,No Banner,Lost,0,NA,FALSE,53,100,NA,2
662692c1abc4830626fccb23,15,0.8699999999999998,33,35,Banner,Lost,8,hot_win_number,TRUE,54,100,0,2
662692c1abc4830626fccb23,16,0.8599999999999998,6,5,Banner,Lost,2,hot_win_number,FALSE,51,100,0,2
662692c1abc4830626fccb23,17,1.2099999999999995,33,33,No Banner,Won,0,NA,FALSE,0,NA,NA,2
662692c1abc4830626fccb23,18,1.1999999999999995,33,10,No Banner,Lost,0,NA,FALSE,54,100,NA,2
662692c1abc4830626fccb23,19,1.1899999999999995,8,34,No Banner,Lost,0,NA,FALSE,57,100,NA,2
662692c1abc4830626fccb23,20,1.1799999999999995,8,22,Banner,Lost,8,nonhot_win_number,TRUE,51,100,0,2
662692c1abc4830626fccb23,21,1.5299999999999998,22,22,No Banner,Won,0,NA,FALSE,0,NA,NA,2
662692c1abc4830626fccb23,22,1.5199999999999998,33,24,No Banner,Lost,0,NA,FALSE,55,0,NA,2
662692c1abc4830626fccb23,23,1.5099999999999998,33,12,Banner,Lost,16,nonhot_win_number,FALSE,51,100,0,2
662692c1abc4830626fccb23,24,1.4999999999999998,36,5,Banner,Lost,3,hot_win_number,TRUE,52,100,0,2
66293cef3c0a757dea883538,1,0.29,29,20,No Banner,Lost,0,NA,FALSE,52,100,NA,2
66293cef3c0a757dea883538,2,0.27999999999999997,29,2,No Banner,Lost,0,NA,FALSE,55,100,NA,2
66293cef3c0a757dea883538,3,0.26999999999999996,6,29,Banner,Lost,3,nonhot_win_number,TRUE,54,100,2,2
66293cef3c0a757dea883538,4,0.25999999999999995,35,19,No Banner,Lost,0,NA,FALSE,50,100,NA,2
66293cef3c0a757dea883538,5,0.24999999999999992,35,6,No Banner,Lost,0,NA,FALSE,50,100,NA,2
66293cef3c0a757dea883538,6,0.5999999999999999,19,19,No Banner,Won,0,NA,FALSE,0,NA,NA,2
66293cef3c0a757dea883538,7,0.5899999999999999,35,5,Banner,Lost,2,nonhot_win_number,FALSE,49,100,0,2
66293cef3c0a757dea883538,8,0.5799999999999998,35,32,Banner,Lost,16,hot_win_number,TRUE,47,100,0,2
66293cef3c0a757dea883538,9,0.5699999999999998,19,14,No Banner,Lost,0,NA,FALSE,50,100,NA,2
66293cef3c0a757dea883538,10,0.5599999999999998,13,28,Banner,Lost,8,nonhot_win_number,TRUE,50,100,0,2
66293cef3c0a757dea883538,11,0.9099999999999998,19,19,No Banner,Won,0,NA,FALSE,0,NA,NA,2
66293cef3c0a757dea883538,12,0.8999999999999998,9,21,Banner,Lost,2,hot_win_number,TRUE,50,100,NA,2
66293cef3c0a757dea883538,13,0.8899999999999998,9,33,Banner,Lost,1,nonhot_win_number,FALSE,50,100,0,2
66293cef3c0a757dea883538,14,0.8799999999999998,9,16,Banner,Lost,8,hot_win_number,FALSE,50,100,0,2
66293cef3c0a757dea883538,15,1.2299999999999998,28,28,No Banner,Won,0,NA,FALSE,0,NA,NA,2
66293cef3c0a757dea883538,16,1.2199999999999998,31,26,Banner,Lost,3,hot_win_number,TRUE,50,100,0,2
66293cef3c0a757dea883538,17,1.2099999999999995,22,7,Banner,Lost,16,nonhot_win_number,TRUE,50,100,0,2
66293cef3c0a757dea883538,18,1.1999999999999995,9,30,No Banner,Lost,0,NA,FALSE,50,100,NA,2
66293cef3c0a757dea883538,19,1.1899999999999995,8,23,No Banner,Lost,0,NA,FALSE,50,100,NA,2
66293cef3c0a757dea883538,20,1.1799999999999995,31,36,No Banner,Lost,0,NA,FALSE,50,100,NA,2
66293cef3c0a757dea883538,21,1.1699999999999997,9,29,No Banner,Lost,0,NA,FALSE,50,100,NA,2
66293cef3c0a757dea883538,22,1.5199999999999996,35,35,No Banner,Won,0,NA,FALSE,0,NA,NA,2
66293cef3c0a757dea883538,23,1.5099999999999996,12,32,Banner,Lost,1,nonhot_win_number,TRUE,50,100,NA,2
66293cef3c0a757dea883538,24,1.4999999999999996,9,16,No Banner,Lost,0,NA,FALSE,50,100,NA,2
66ab42bef7dd185ce15464eb,1,0.29,16,35,No Banner,Lost,0,NA,FALSE,0,50,NA,1
66ab42bef7dd185ce15464eb,2,0.27999999999999997,16,20,No Banner,Lost,0,NA,FALSE,0,50,NA,1
66ab42bef7dd185ce15464eb,3,0.6299999999999999,10,10,No Banner,Won,0,NA,FALSE,0,NA,NA,1
66ab42bef7dd185ce15464eb,4,0.6199999999999999,2,20,No Banner,Lost,0,NA,FALSE,0,0,NA,1
66ab42bef7dd185ce15464eb,5,0.6099999999999999,9,30,No Banner,Lost,0,NA,FALSE,0,50,NA,1
66ab42bef7dd185ce15464eb,6,0.5999999999999999,27,9,Banner,Lost,8,nonhot_win_number,TRUE,30,50,0,1
66ab42bef7dd185ce15464eb,7,0.5899999999999999,8,10,No Banner,Lost,0,NA,FALSE,0,30,NA,1
66ab42bef7dd185ce15464eb,8,0.5799999999999998,20,4,No Banner,Lost,0,NA,FALSE,0,30,NA,1
66ab42bef7dd185ce15464eb,9,0.5699999999999998,23,18,Banner,Lost,2,nonhot_win_number,TRUE,50,28,0,1
66ab42bef7dd185ce15464eb,10,0.9199999999999998,20,20,No Banner,Won,0,NA,FALSE,0,NA,NA,1
66ab42bef7dd185ce15464eb,11,0.9099999999999998,35,29,No Banner,Lost,0,NA,FALSE,49,30,NA,1
66ab42bef7dd185ce15464eb,12,0.8999999999999998,10,19,Banner,Lost,3,hot_win_number,FALSE,0,20,0,1
66ab42bef7dd185ce15464eb,13,0.8899999999999998,15,17,Banner,Lost,1,nonhot_win_number,TRUE,50,30,NA,1
66ab42bef7dd185ce15464eb,14,0.8799999999999998,10,12,Banner,Lost,16,hot_win_number,TRUE,30,20,0,1
66ab42bef7dd185ce15464eb,15,1.2299999999999998,30,30,No Banner,Won,0,NA,FALSE,0,NA,NA,1
66ab42bef7dd185ce15464eb,16,1.2199999999999998,3,24,No Banner,Lost,0,NA,FALSE,18,18,NA,1
66ab42bef7dd185ce15464eb,17,1.2099999999999995,20,8,Banner,Lost,3,nonhot_win_number,FALSE,0,20,0,1
66ab42bef7dd185ce15464eb,18,1.1999999999999995,16,13,Banner,Lost,2,hot_win_number,FALSE,16,64,0,1
66ab42bef7dd185ce15464eb,19,1.1899999999999995,22,18,Banner,Lost,1,nonhot_win_number,TRUE,54,28,NA,1
66ab42bef7dd185ce15464eb,20,1.1799999999999995,8,1,Banner,Lost,8,hot_win_number,FALSE,16,27,0,1
66ab42bef7dd185ce15464eb,21,1.5299999999999998,17,17,No Banner,Won,0,NA,FALSE,0,NA,NA,1
66ab42bef7dd185ce15464eb,22,1.5199999999999998,35,8,Banner,Lost,16,nonhot_win_number,TRUE,19,33,0,1
66ab42bef7dd185ce15464eb,23,1.5099999999999998,10,20,No Banner,Lost,0,NA,FALSE,20,52,NA,1
66ab42bef7dd185ce15464eb,24,1.4999999999999998,10,21,No Banner,Lost,0,NA,FALSE,6,24,NA,1
66c3366a3b5834b89124e85a,1,0.29,6,4,Banner,Lost,2,nonhot_win_number,FALSE,3,7,3,1
66c3366a3b5834b89124e85a,2,0.27999999999999997,14,18,Banner,Lost,8,nonhot_win_number,TRUE,3,4,3,1
66c3366a3b5834b89124e85a,3,0.26999999999999996,9,19,Banner,Lost,16,hot_win_number,TRUE,3,2,4,1
66c3366a3b5834b89124e85a,4,0.25999999999999995,1,35,No Banner,Lost,0,NA,FALSE,4,3,NA,1
66c3366a3b5834b89124e85a,5,0.24999999999999992,21,26,No Banner,Lost,0,NA,FALSE,3,3,NA,1
66c3366a3b5834b89124e85a,6,0.5999999999999999,23,23,No Banner,Won,0,NA,FALSE,0,NA,NA,1
66c3366a3b5834b89124e85a,7,0.5899999999999999,1,16,Banner,Lost,16,nonhot_win_number,TRUE,2,2,1,1
66c3366a3b5834b89124e85a,8,0.5799999999999998,36,6,No Banner,Lost,0,NA,FALSE,4,6,NA,1
66c3366a3b5834b89124e85a,9,0.9299999999999998,13,13,No Banner,Won,0,NA,FALSE,0,NA,NA,1
66c3366a3b5834b89124e85a,10,0.9199999999999998,34,16,Banner,Lost,3,hot_win_number,TRUE,2,2,2,1
66c3366a3b5834b89124e85a,11,0.9099999999999998,11,29,No Banner,Lost,0,NA,FALSE,1,5,NA,1
66c3366a3b5834b89124e85a,12,0.8999999999999998,14,6,No Banner,Lost,0,NA,FALSE,5,7,NA,1
66c3366a3b5834b89124e85a,13,0.8899999999999998,13,2,No Banner,Lost,0,NA,FALSE,2,4,NA,1
66c3366a3b5834b89124e85a,14,0.8799999999999998,12,9,Banner,Lost,1,nonhot_win_number,TRUE,17,33,NA,1
66c3366a3b5834b89124e85a,15,0.8699999999999998,11,17,Banner,Lost,1,nonhot_win_number,TRUE,34,65,NA,1
66c3366a3b5834b89124e85a,16,0.8599999999999998,17,23,No Banner,Lost,0,NA,FALSE,4,3,NA,1
66c3366a3b5834b89124e85a,17,1.2099999999999995,15,15,No Banner,Won,0,NA,FALSE,0,NA,NA,1
66c3366a3b5834b89124e85a,18,1.1999999999999995,28,12,No Banner,Lost,0,NA,FALSE,9,22,NA,1
66c3366a3b5834b89124e85a,19,1.1899999999999995,2,19,Banner,Lost,8,hot_win_number,TRUE,12,14,0,1
66c3366a3b5834b89124e85a,20,1.1799999999999995,3,11,Banner,Lost,2,hot_win_number,TRUE,2,7,NA,1
66c3366a3b5834b89124e85a,21,1.5299999999999998,10,10,No Banner,Won,0,NA,FALSE,5,NA,NA,1
66c3366a3b5834b89124e85a,22,1.5199999999999998,26,4,No Banner,Lost,0,NA,FALSE,3,3,NA,1
66c3366a3b5834b89124e85a,23,1.5099999999999998,18,31,No Banner,Lost,0,NA,FALSE,3,3,NA,1
66c3366a3b5834b89124e85a,24,1.4999999999999998,23,30,Banner,Lost,3,nonhot_win_number,TRUE,5,4,2,1
676ca3da9773676ad989ef10,1,0.29,16,1,No Banner,Lost,0,NA,FALSE,61,89,NA,1
676ca3da9773676ad989ef10,2,0.27999999999999997,15,29,No Banner,Lost,0,NA,FALSE,51,92,NA,1
676ca3da9773676ad989ef10,3,0.26999999999999996,14,23,No Banner,Lost,0,NA,FALSE,46,86,NA,1
676ca3da9773676ad989ef10,4,0.25999999999999995,17,7,Banner,Lost,2,nonhot_win_number,FALSE,35,84,0,1
676ca3da9773676ad989ef10,5,0.24999999999999992,16,3,No Banner,Lost,0,NA,FALSE,56,87,NA,1
676ca3da9773676ad989ef10,6,0.5999999999999999,18,18,No Banner,Won,0,NA,FALSE,0,NA,NA,1
676ca3da9773676ad989ef10,7,0.5899999999999999,21,26,No Banner,Lost,0,NA,FALSE,55,95,NA,1
676ca3da9773676ad989ef10,8,0.5799999999999998,18,29,No Banner,Lost,0,NA,FALSE,54,86,NA,1
676ca3da9773676ad989ef10,9,0.5699999999999998,14,16,No Banner,Lost,0,NA,FALSE,54,91,NA,1
676ca3da9773676ad989ef10,10,0.5599999999999998,12,17,Banner,Lost,8,nonhot_win_number,TRUE,55,93,0,1
676ca3da9773676ad989ef10,11,0.9099999999999998,17,17,No Banner,Won,0,NA,FALSE,0,NA,NA,1
676ca3da9773676ad989ef10,12,0.8999999999999998,33,25,Banner,Lost,3,hot_win_number,TRUE,52,93,0,1
676ca3da9773676ad989ef10,13,0.8899999999999998,6,1,Banner,Lost,2,hot_win_number,TRUE,56,96,NA,1
676ca3da9773676ad989ef10,14,0.8799999999999998,23,22,Banner,Lost,1,nonhot_win_number,TRUE,57,96,NA,1
676ca3da9773676ad989ef10,15,0.8699999999999998,27,16,No Banner,Lost,0,NA,FALSE,59,94,NA,1
676ca3da9773676ad989ef10,16,0.8599999999999998,14,10,No Banner,Lost,0,NA,FALSE,59,90,NA,1
676ca3da9773676ad989ef10,17,1.2099999999999995,17,17,No Banner,Won,0,NA,FALSE,0,NA,NA,1
676ca3da9773676ad989ef10,18,1.1999999999999995,19,13,Banner,Lost,3,nonhot_win_number,TRUE,57,92,0,1
676ca3da9773676ad989ef10,19,1.1899999999999995,22,31,Banner,Lost,16,nonhot_win_number,TRUE,54,95,0,1
676ca3da9773676ad989ef10,20,1.1799999999999995,21,23,No Banner,Lost,0,NA,FALSE,54,96,NA,1
676ca3da9773676ad989ef10,21,1.1699999999999997,16,11,Banner,Lost,16,hot_win_number,FALSE,56,96,0,1
676ca3da9773676ad989ef10,22,1.1599999999999997,4,31,Banner,Lost,1,nonhot_win_number,TRUE,66,94,NA,1
676ca3da9773676ad989ef10,23,1.1499999999999997,17,10,Banner,Lost,8,hot_win_number,FALSE,52,98,0,1
676ca3da9773676ad989ef10,24,1.4999999999999996,21,21,No Banner,Won,0,NA,FALSE,0,NA,NA,1
6785704c3b1ab8813a4958b0,1,0.29,3,6,Banner,Lost,1,nonhot_win_number,TRUE,0,21,NA,2
6785704c3b1ab8813a4958b0,2,0.27999999999999997,3,29,No Banner,Lost,0,NA,FALSE,5,9,NA,2
6785704c3b1ab8813a4958b0,3,0.26999999999999996,3,23,No Banner,Lost,0,NA,FALSE,11,11,NA,2
6785704c3b1ab8813a4958b0,4,0.6199999999999999,3,3,No Banner,Won,0,NA,FALSE,0,NA,NA,2
6785704c3b1ab8813a4958b0,5,0.6099999999999999,3,30,No Banner,Lost,0,NA,FALSE,12,26,NA,2
6785704c3b1ab8813a4958b0,6,0.5999999999999999,3,20,Banner,Lost,8,hot_win_number,TRUE,0,8,0,2
6785704c3b1ab8813a4958b0,7,0.5899999999999999,28,16,Banner,Lost,8,nonhot_win_number,TRUE,0,4,0,2
6785704c3b1ab8813a4958b0,8,0.5799999999999998,28,7,No Banner,Lost,0,NA,FALSE,2,7,NA,2
6785704c3b1ab8813a4958b0,9,0.5699999999999998,28,8,No Banner,Lost,0,NA,FALSE,7,9,NA,2
6785704c3b1ab8813a4958b0,10,0.9199999999999998,28,28,No Banner,Won,0,NA,FALSE,0,NA,NA,2
6785704c3b1ab8813a4958b0,11,0.9099999999999998,1,34,Banner,Lost,2,hot_win_number,TRUE,5,13,NA,2
6785704c3b1ab8813a4958b0,12,0.8999999999999998,11,16,Banner,Lost,3,nonhot_win_number,TRUE,4,0,0,2
6785704c3b1ab8813a4958b0,13,0.8899999999999998,14,35,No Banner,Lost,0,NA,FALSE,0,3,NA,2
6785704c3b1ab8813a4958b0,14,0.8799999999999998,14,24,No Banner,Lost,0,NA,FALSE,2,4,NA,2
6785704c3b1ab8813a4958b0,15,0.8699999999999998,17,4,Banner,Lost,2,nonhot_win_number,TRUE,16,12,7,2
6785704c3b1ab8813a4958b0,16,1.2199999999999998,14,14,No Banner,Won,0,NA,FALSE,0,NA,NA,2
6785704c3b1ab8813a4958b0,17,1.2099999999999995,1,3,No Banner,Lost,0,NA,FALSE,0,6,NA,2
6785704c3b1ab8813a4958b0,18,1.1999999999999995,1,31,No Banner,Lost,0,NA,FALSE,4,6,NA,2
6785704c3b1ab8813a4958b0,19,1.1899999999999995,1,23,No Banner,Lost,0,NA,FALSE,5,6,NA,2
6785704c3b1ab8813a4958b0,20,1.1799999999999995,1,3,Banner,Lost,16,hot_win_number,FALSE,11,28,0,2
6785704c3b1ab8813a4958b0,21,1.5299999999999998,1,1,No Banner,Won,0,NA,FALSE,0,NA,NA,2
6785704c3b1ab8813a4958b0,22,1.5199999999999998,29,31,Banner,Lost,1,nonhot_win_number,TRUE,23,8,NA,2
6785704c3b1ab8813a4958b0,23,1.5099999999999998,5,10,Banner,Lost,16,nonhot_win_number,TRUE,9,10,0,2
6785704c3b1ab8813a4958b0,24,1.4999999999999998,6,25,Banner,Lost,3,hot_win_number,TRUE,15,33,0,2
6942cbf167c9650a2b6c9b11,1,0.29,25,24,Banner,Lost,16,nonhot_win_number,TRUE,10,49,6,1
6942cbf167c9650a2b6c9b11,2,0.27999999999999997,25,17,No Banner,Lost,0,NA,FALSE,13,28,NA,1
6942cbf167c9650a2b6c9b11,3,0.26999999999999996,25,12,No Banner,Lost,0,NA,FALSE,20,30,NA,1
6942cbf167c9650a2b6c9b11,4,0.25999999999999995,25,12,No Banner,Lost,0,NA,FALSE,18,50,NA,1
6942cbf167c9650a2b6c9b11,5,0.24999999999999992,25,3,No Banner,Lost,0,NA,FALSE,18,29,NA,1
6942cbf167c9650a2b6c9b11,6,0.5999999999999999,25,25,No Banner,Won,0,NA,FALSE,0,NA,NA,1
6942cbf167c9650a2b6c9b11,7,0.5899999999999999,9,28,Banner,Lost,2,nonhot_win_number,TRUE,30,10,0,1
6942cbf167c9650a2b6c9b11,8,0.5799999999999998,36,28,No Banner,Lost,0,NA,FALSE,12,51,NA,1
6942cbf167c9650a2b6c9b11,9,0.5699999999999998,9,34,Banner,Lost,16,hot_win_number,TRUE,8,17,0,1
6942cbf167c9650a2b6c9b11,10,0.5599999999999998,9,17,Banner,Lost,1,nonhot_win_number,FALSE,10,17,0,1
6942cbf167c9650a2b6c9b11,11,0.9099999999999998,9,9,No Banner,Won,0,NA,FALSE,0,NA,NA,1
6942cbf167c9650a2b6c9b11,12,0.8999999999999998,36,9,No Banner,Lost,0,NA,FALSE,51,76,NA,1
6942cbf167c9650a2b6c9b11,13,0.8899999999999998,25,22,No Banner,Lost,0,NA,FALSE,12,20,NA,1
6942cbf167c9650a2b6c9b11,14,0.8799999999999998,9,28,No Banner,Lost,0,NA,FALSE,7,11,NA,1
6942cbf167c9650a2b6c9b11,15,0.8699999999999998,36,11,Banner,Lost,3,hot_win_number,FALSE,14,26,0,1
6942cbf167c9650a2b6c9b11,16,0.8599999999999998,36,26,Banner,Lost,8,nonhot_win_number,TRUE,11,17,0,1
6942cbf167c9650a2b6c9b11,17,1.2099999999999995,36,36,No Banner,Won,0,NA,FALSE,0,NA,NA,1
6942cbf167c9650a2b6c9b11,18,1.1999999999999995,36,25,No Banner,Lost,0,NA,FALSE,38,100,NA,1
6942cbf167c9650a2b6c9b11,19,1.1899999999999995,36,3,Banner,Lost,3,nonhot_win_number,TRUE,16,20,0,1
6942cbf167c9650a2b6c9b11,20,1.1799999999999995,36,25,Banner,Lost,8,hot_win_number,TRUE,51,100,0,1
6942cbf167c9650a2b6c9b11,21,1.1699999999999997,36,3,Banner,Lost,2,hot_win_number,FALSE,19,28,0,1
6942cbf167c9650a2b6c9b11,22,1.1599999999999997,36,10,Banner,Lost,1,nonhot_win_number,FALSE,17,27,0,1
6942cbf167c9650a2b6c9b11,23,1.5099999999999998,36,36,No Banner,Won,0,NA,FALSE,0,NA,NA,1
6942cbf167c9650a2b6c9b11,24,1.4999999999999998,36,6,No Banner,Lost,0,NA,FALSE,0,0,NA,1
695f9adb2064ccdd40b77cdd,1,0.29,36,15,Banner,Lost,2,hot_win_number,TRUE,63,100,NA,4
695f9adb2064ccdd40b77cdd,2,0.27999999999999997,16,5,No Banner,Lost,0,NA,FALSE,100,59,NA,4
695f9adb2064ccdd40b77cdd,3,0.6299999999999999,12,12,No Banner,Won,0,NA,FALSE,0,NA,NA,4
695f9adb2064ccdd40b77cdd,4,0.6199999999999999,21,15,Banner,Lost,8,hot_win_number,FALSE,100,100,0,4
695f9adb2064ccdd40b77cdd,5,0.6099999999999999,28,14,Banner,Lost,16,hot_win_number,TRUE,100,100,0,4
695f9adb2064ccdd40b77cdd,6,0.5999999999999999,18,32,Banner,Lost,1,nonhot_win_number,TRUE,48,100,NA,4
695f9adb2064ccdd40b77cdd,7,0.5899999999999999,19,4,No Banner,Lost,0,NA,FALSE,38,100,NA,4
695f9adb2064ccdd40b77cdd,8,0.5799999999999998,4,36,Banner,Lost,8,nonhot_win_number,FALSE,100,100,0,4
695f9adb2064ccdd40b77cdd,9,0.5699999999999998,27,4,No Banner,Lost,0,NA,FALSE,74,100,NA,4
695f9adb2064ccdd40b77cdd,10,0.5599999999999998,31,7,Banner,Lost,3,hot_win_number,TRUE,100,82,56,4
695f9adb2064ccdd40b77cdd,11,0.9099999999999998,15,15,No Banner,Won,0,NA,FALSE,0,NA,NA,4
695f9adb2064ccdd40b77cdd,12,0.8999999999999998,11,15,No Banner,Lost,0,NA,FALSE,100,70,NA,4
695f9adb2064ccdd40b77cdd,13,0.8899999999999998,13,11,No Banner,Lost,0,NA,FALSE,76,100,NA,4
695f9adb2064ccdd40b77cdd,14,0.8799999999999998,3,8,Banner,Lost,16,nonhot_win_number,TRUE,100,100,11,4
695f9adb2064ccdd40b77cdd,15,0.8699999999999998,4,12,Banner,Lost,1,nonhot_win_number,TRUE,100,54,NA,4
695f9adb2064ccdd40b77cdd,16,0.8599999999999998,30,36,No Banner,Lost,0,NA,FALSE,100,67,NA,4
695f9adb2064ccdd40b77cdd,17,0.8499999999999998,7,8,No Banner,Lost,0,NA,FALSE,100,36,NA,4
695f9adb2064ccdd40b77cdd,18,1.1999999999999995,16,16,No Banner,Won,0,NA,FALSE,0,NA,NA,4
695f9adb2064ccdd40b77cdd,19,1.1899999999999995,34,4,No Banner,Lost,0,NA,FALSE,100,50,NA,4
695f9adb2064ccdd40b77cdd,20,1.1799999999999995,4,33,No Banner,Lost,0,NA,FALSE,75,29,NA,4
695f9adb2064ccdd40b77cdd,21,1.1699999999999997,1,9,Banner,Lost,3,nonhot_win_number,TRUE,100,65,0,4
695f9adb2064ccdd40b77cdd,22,1.5199999999999996,1,1,No Banner,Won,0,NA,FALSE,0,NA,NA,4
695f9adb2064ccdd40b77cdd,23,1.5099999999999996,4,11,Banner,Lost,2,nonhot_win_number,FALSE,62,100,0,4
695f9adb2064ccdd40b77cdd,24,1.4999999999999996,7,2,No Banner,Lost,0,NA,FALSE,83,74,NA,4
695ff63580d6ce826e06277f,1,0.29,33,12,No Banner,Lost,0,NA,FALSE,80,80,NA,1
695ff63580d6ce826e06277f,2,0.27999999999999997,33,21,No Banner,Lost,0,NA,FALSE,81,81,NA,1
695ff63580d6ce826e06277f,3,0.26999999999999996,30,7,Banner,Lost,1,nonhot_win_number,FALSE,79,79,5,1
695ff63580d6ce826e06277f,4,0.6199999999999999,33,33,No Banner,Won,0,NA,FALSE,0,NA,NA,1
695ff63580d6ce826e06277f,5,0.6099999999999999,33,24,No Banner,Lost,0,NA,FALSE,80,80,NA,1
695ff63580d6ce826e06277f,6,0.5999999999999999,30,13,No Banner,Lost,0,NA,FALSE,81,80,NA,1
695ff63580d6ce826e06277f,7,0.5899999999999999,30,29,No Banner,Lost,0,NA,FALSE,78,77,NA,1
695ff63580d6ce826e06277f,8,0.5799999999999998,30,26,No Banner,Lost,0,NA,FALSE,77,75,NA,1
695ff63580d6ce826e06277f,9,0.5699999999999998,30,15,Banner,Lost,3,nonhot_win_number,FALSE,78,81,3,1
695ff63580d6ce826e06277f,10,0.5599999999999998,30,29,No Banner,Lost,0,NA,FALSE,78,78,NA,1
695ff63580d6ce826e06277f,11,0.9099999999999998,23,23,No Banner,Won,0,NA,FALSE,0,NA,NA,1
695ff63580d6ce826e06277f,12,0.8999999999999998,30,8,Banner,Lost,8,hot_win_number,FALSE,80,76,2,1
695ff63580d6ce826e06277f,13,0.8899999999999998,23,15,No Banner,Lost,0,NA,FALSE,78,74,NA,1
695ff63580d6ce826e06277f,14,0.8799999999999998,30,23,Banner,Lost,16,nonhot_win_number,FALSE,82,83,2,1
695ff63580d6ce826e06277f,15,1.2299999999999998,15,15,No Banner,Won,0,NA,FALSE,1,NA,NA,1
695ff63580d6ce826e06277f,16,1.2199999999999998,33,24,No Banner,Lost,0,NA,FALSE,80,78,NA,1
695ff63580d6ce826e06277f,17,1.2099999999999995,15,36,Banner,Lost,1,nonhot_win_number,FALSE,77,76,1,1
695ff63580d6ce826e06277f,18,1.1999999999999995,33,32,Banner,Lost,16,hot_win_number,TRUE,79,77,2,1
695ff63580d6ce826e06277f,19,1.1899999999999995,15,3,Banner,Lost,2,hot_win_number,FALSE,79,78,1,1
695ff63580d6ce826e06277f,20,1.1799999999999995,33,17,No Banner,Lost,0,NA,FALSE,80,78,NA,1
695ff63580d6ce826e06277f,21,1.1699999999999997,15,11,Banner,Lost,8,nonhot_win_number,FALSE,79,76,3,1
695ff63580d6ce826e06277f,22,1.1599999999999997,30,27,Banner,Lost,2,nonhot_win_number,FALSE,77,79,2,1
695ff63580d6ce826e06277f,23,1.1499999999999997,31,29,Banner,Lost,3,hot_win_number,TRUE,81,83,2,1
695ff63580d6ce826e06277f,24,1.4999999999999996,15,15,No Banner,Won,0,NA,FALSE,0,NA,NA,1
